Geo Point;objectid;noms;lieux;mode;prestat;adr_rivoli;adr_rgu;pmr;numquartier;horaires;proxi;qual_lun;qual_mar;qual_mer;qual_jeu;qual_ven;qual_sam;qual_dim;traj_sam;lun_mat_n;lun_mat_s;lun_apm_n;lun_apm_s;mar_mat_n;mar_mat_s;mar_apm_n;mar_apm_s;mer_mat_n;mer_mat_s;mer_apm_n;mer_apm_s;jeu_mat_n;jeu_mat_s;jeu_apm_n;jeu_apm_s;ven_mat_n;ven_mat_s;ven_apm_n;ven_apm_s;sam_a;sam_b;passages;mardi;traj_mardi;jeudi;traj_jeudi;mercredi;traj_mercredi;lundi;traj_lundi;vendredi;traj_vendredi;samedi;traj_samedi
48.1144720266, -1.68198149075;26;Salle / CITE;10 rue St. Louis;A;DV PF;8710;v.1015;NON;1;Horaires de la salle;Métro Ste Anne;COMPLET;COMPLET;;COMPLET;;;;0;11;0;0;0;0;0;7;0;0;0;0;0;11;0;0;0;0;0;0;0;0;0;;;;;;;;;;;;;
48.100616764, -1.71303731958;57;Polyclinique LA SAGESSE;4 place Guénolé;PRIVE;PRIVE;8656;v.4669;OUI;9;Heures de la clinique;Bus n° 3.;;;;;;;;;;;;;;;;;;;;;;;;;;;;;;;;;;;;;;;;;;;
48.1004206958, -1.69806901572;47;COURROUZE;La Courrouze;PROJET;PROJET;;;?;9;;;;;;;;;;;;;;;;;;;;;;;;;;;;;;;;;;;;;;;;;;;;;
48.1080144, -1.67971105845;27;HALLES CENTRALES;2 place Honoré Commeurec;M;DV PF;4480;v.1378;NON;1;de 7h à 19h sauf le dimanche;près bus, stationnement payant , métro République.;2COMPLETS;2COMPLETS;2COMPLETS;2COMPLETS;2COMPLETS;2COMPLETS;;13;0;6;0;0;0;7;0;0;0;9;0;0;0;6;0;0;6;6;0;0;2;0;6;Mar_C;4;Jeu_C;2;Mer_C;4;Lun_C;2;Ven_C;2;Sam_B;3
48.1033732763, -1.64889162603;64;Cimetière EST;85 Bd. Villebois Mareuil;M;DV PF;9101;v.26165;OUI;7;Horaires du Cimetière;Bus n° 11.;SOMMAIRE;COMPLET;SOMMAIRE;SOMMAIRE;COMPLET;SOMMAIRE;;0;0;1;0;0;0;2;0;0;0;0;0;0;0;0;0;0;0;1;0;0;18;0;7;Mar_C;8;Jeu_C;7;Mer_C;10;Lun_C;10;Ven_C;8;Sam_B;19
48.092680492, -1.66710790066;60;BIR-HAKEIM;2 place Bir-Hakeim;A;DV PF;0960;v.3470;OUI;8;6h à 23h;Bus n° 33.;SOMMAIRE;COMPLET;CONTROLE;;SOMMAIRE;;;19;0;0;0;4;0;0;0;7;0;4;0;10;0;0;0;4;0;0;0;0;0;0;5;Mar_C;15;Jeu_C;13;Mer_C;2;Lun_C;12;Ven_C;10;;
48.1093346274, -1.67524686448;96;TOULLIER;2 rue Toullier;A;DV PF;9270;v.1388;NON;1;6h à 23h;Bus n° 8.;SOMMAIRE;SOMMAIRE;SOMMAIRE;SOMMAIRE;SOMMAIRE;SOMMAIRE;;1;0;5;0;0;0;6;0;0;0;8;0;1;0;5;0;0;0;5;0;0;1;0;7;Mar_C;2;Jeu_C;1;Mer_C;3;Lun_C;1;;;;
48.0942875059, -1.66298604478;65;SOUVENIR;Place du Souvenir Face 13 E. d'Orves;A;DV PF;4480;v.3559;OUI;8;6h à 23h;Bus n° 8.;;COMPLET;CONTROLE;;COMPLET;CONTROLE;;0;0;0;0;3;0;0;0;6;0;3;0;9;0;0;0;0;0;0;0;7;0;0;5;Mar_C;14;Jeu_C;12;Mer_C;1-18;Lun_C;11;;;;
48.1383974897, -1.65401622177;77;Cimetière Saint LAURENT;Face 29 rue de St. Laurent;A;DV PF;8701;v.4377;OUI;5;Horaires du Cimetière;Bus n° 3, 9.;COMPLET;;COMPLET;;COMPLET;;;0;0;0;7;0;4;0;0;0;2;0;0;0;0;0;7;0;0;0;4;0;0;0;5;Mar_A;16;Jeu_A;17;;;;;;;;
48.1165892869, -1.65638518749;44;Jeanne d'ARC;5 Bd. Alexis Carrel Eglise;A;DV PF;0260;v.736;OUI;6;6h à 23h;Bus n° 3, 9.;;COMPLET;;COMPLET;;COMPLET;;13;0;0;0;0;0;0;2;0;0;0;2;0;0;0;1;0;0;0;0;0;14;0;4;Mar_A;10;Jeu_A;09;;;;;;;;
48.091341029, -1.68114242565;88;SARAH BERNHARDT;Square Sarah Bernhardt;M;DV PF;8979;v.26402;NON;12;Jour de marché;Bus n° 3.;;;CONTROLE;CONTROLE;;;;0;0;0;0;0;0;0;0;0;0;0;0;0;0;11;0;7;0;0;0;0;0;0;2;;;Jeu_C;16;Mer_C;14;;;;;;
48.0835776473, -1.66060914398;56;Paul LAFARGUE;49 avenue des Pays Bas;A;DV PF;7305;v.3887;OUI;11;6h à 23h;Bus n° 33, 59.;;;;;;;;0;0;0;0;2;0;0;0;5;0;0;0;0;0;0;0;3;0;0;0;6;0;0;4;Mar_C;13;Jeu_C;11;;;;;;;;
48.1352704551, -1.63890000998;101;PATIS TATELIN;Rue du Patis Tatelin;MS;DV PF;;;OUI;5;;;;;;;;;;;;;;;;;;;;;;;;;;;;;;;;;5;Mar_A;14;Jeu_A;13;Mer_A;20;;;;;;
48.1078470443, -1.69337824331;22;Saint CYR quai;61 quai St. Cyr;A;DV PF;8861;v.1149;OUI;3;6h à 23h;Bus n° 53, 76.;COMPLET;SOMMAIRE;SOMMAIRE;COMPLET;SOMMAIRE;;;0;0;13;0;0;0;12;0;0;0;0;0;4;0;0;0;0;0;13;0;0;0;0;4;Mar_B;06;Jeu_B;08;Mer_B;07;Lun_B;9;Ven_B;07;Sam_B;13
48.1164590386, -1.69308767301;42;La TOUCHE Parc;Côté rue Maréchal Lyautey;A;DV PF;9265;v.26733;OUI;10;Horaires du Parc;Bus n° 2, métro Anatole France;;;;;;;;6;0;0;3;0;7;0;0;0;0;0;9;0;0;0;0;0;0;0;0;0;0;0;4;Mar_B;11;Jeu_B;10;Mer_B;10;Lun_B;11;;;;
48.1217064877, -1.71198153755;29;KENNEDY;Dalle Kennedy;A;DV PF;;;;10;6h;Station métro J.F. Kennedy;;;;;;;;;;;;;;;;;;;;;;;;;;;;;;;4;Mar_B;15;Jeu_B;13;Mer_B;14;Lun_B;15;Ven_B;12;;
48.1088762601, -1.70774462748;51;Simone MORAND;1 Sq. Simone Morand;M;DV PF;9035;v.7445;OUI;3;6h à 23h;Bus n° 11.;;;;;;;;;;;;;;;;;;;;;;;;;;;;;;;4;Mar_B;09;Jeu_B;09;;;;;;;;
48.1026051132, -1.67271832248;90;GARE Intérieur;Esplanade Fulgence Bienvenue;PRIVE;PRIVE;3415;v.27206;OUI;8;du L au S 6h25 à 22h50 et le Dimanche 10h à 21h50;Bus n° 2, 11. Parking Gare. Payant 40cts;PV;PV;PV;PV;PV;PV;PV;0;0;0;0;0;0;0;0;0;0;0;0;0;0;0;0;0;0;0;0;0;0;0;;;;;;;;;;;;;
48.1053645479, -1.67426905199;75;CHAMPS LIBRES;Cours des Alliers;PRIVE;PRIVE;0295;v.8240;OUI;1;"du M au V de 12h à 19h, sauf mardi  21h; les S et D 14h à 19h.";Bus métro Ch. De Gaulle et Gare + parking. Payant;;;;;;;;;;;;;;;;;;;;;;;;;;;;;;;;;;;;;;;;;;;
48.1042812448, -1.67310805329;41;GARE;Place de la Gare;A;DV PF;3510;v.5011;OUI;2;6h à 23h;Métro, Gare , Bus n°1 - 2 - 11.;SOMMAIRE;2SOMMAIRES;SOMMAIRE;2SOMMAIRES;SOMMAIRE;2SOMMAIRES;;2;0;2;0;0;0;3;0;0;0;5;0;2;0;2;0;0;0;2;0;0;19;1;7;Mar_C;7;Jeu_C;5;Mer_C;7;Lun_C;5;Ven_C;5;Sam_B;6
48.1109618794, -1.67377102927;43;KLEBER_public;1 rue Kléber;M;DV PF;5210;v.27975;NON;2;Horaires du parking;Bus n° 3.;COMPLET;COMPLET;COMPLET;COMPLET;COMPLET;COMPLET;;0;6;0;0;0;0;0;0;0;7;0;0;0;6;0;0;0;10;0;0;0;0;0;4;Mar_A;07;;;Mer_A;06;Lun_A;6;Ven_A;06;;
48.1144301471, -1.68090207855;36;Sainte ANNE;Face au 15 place Ste.Anne;PROJET;PROJET;8870;v.1020;OUI;1;;;SOMMAIRE;SOMMAIRE;SOMMAIRE;SOMMAIRE;SOMMAIRE;SOMMAIRE;;0;0;0;0;0;0;0;0;0;0;0;0;0;0;0;0;0;7;0;0;0;0;0;;Mar_B;04;Jeu_B;04;Mer_B;04;Lun_B;6;Ven_B;05;;
48.1067998241, -1.69557215041;105;Jean GUY;12 rue Jean Guy;A;DV PF;J080;v.28296;OUI;9;Horaires du parc;Bus n° 9.;COMPLET;;CONTROLE;;SOMMAIRE;;;24;0;9;0;0;0;0;0;0;0;11;0;0;0;0;0;0;0;9;0;0;24;0;3;Mar_B;07;;;Mer_B;08;Lun_B;10;Ven_B;08;;
48.1243097768, -1.65536792508;12;COURTELINE;Rue Courteline;M;DJ;J073;v.28378;?;5;Horaires du Parc;;;;;;;;;0;0;0;0;0;0;0;0;0;0;0;0;0;0;0;0;0;0;0;0;0;0;0;;Mar_A;13;Jeu_A;11;Mer_A;10;Lun_A;10;Ven_A;11;;
48.1185513848, -1.70937251838;106;BERRY;Parc du Berry;A;DV PF;;;OUI;10;6h à 23h;;;;;;;;;;;;;;;;;;;;;;;;;;;;;;;;3;;;Jeu_B;15;Mer_B;15;Lun_B;16;;;Sam_B;15
48.1375245972, -1.64589295441;15;GAYEULLES  modélisme;rue Maurice AUDIN;M;DJ;;;;5;;;;;;;;;;;;;;;;;;;;;;;;;;;;;;;;;;;;;;Mer_A;14;Lun_A;14;Ven_A;14;;
48.1211373023, -1.71090511447;28;VILLEJEAN Bibliotheque;à l'intérieur bibliothèque;PRIVE;PRIVE;;;;10;;Station métro J.F. Kennedy;;;;;;;;;;;;;;;;;;;;;;;;;;;;;;;;;;;;;;;;;;;
48.1053509332, -1.68514412856;913;Fontaine Abélard;Rue Pierre Abélard;;;;;;;;;;;;;;;;;;;;;;;;;;;;;;;;;;;;;;;;;;;;;;Lun_C;7;;;;
48.1112077763, -1.67988822219;907;Fontaine Mairie;;;;;;;;;;;;;;;;;;;;;;;;;;;;;;;;;;;;;;;;;;;;;;;Lun_B;2;;;;
48.1235500574, -1.65994658206;97;BERNANOS;Place G. Bernanos sud;A;DV PF;3700;v.24768;OUI;5;6h à 23h;Bus n° 1, 30, 70;;COMPLET;;COMPLET;;COMPLET;;15;0;0;10;0;0;0;5;0;0;0;5;0;0;0;4;0;0;0;0;0;16;0;4;;;Jeu_A;12;Mer_A;11;Lun_A;9;Ven_A;12;;
48.1077890072, -1.65890440465;20;ROBIDOU;Face 28 rue Bertrand Robidou;A;DV PF;0900;v.1631;OUI;2;6h à 23h;Bus n° 33, 2.;;;;;;;;0;0;0;0;12;0;1;0;1;0;0;0;0;0;13;0;11;0;0;0;1;0;0;6;Mar_A;1+19;Jeu_A;08;;;;;;;;
48.1152616568, -1.67712333813;69;HOCHE;Face au 10 place Hoche et sous-terrain;PRIVE;PRIVE;4460;v.1274;OUI;1;8h à 1h45;Bus n° 5, 9. sous-terrain payant, 20ct;;;;;;;;0;0;0;0;0;0;0;0;0;0;0;0;0;0;0;0;0;0;0;0;0;0;0;;;;;;;;;;;;;
48.0894333237, -1.64507648383;13;HAUTES OURMES Parc;Parc des Hautes Ourmes;M;DJ;J079;v.28263;?;11;Horaires du Parc;Bus n° 8, 33.;;;;;;;;;;;;;;;;;;;;;;;;;;;;;;;;Mar_C;11;Jeu_C;10;;;;;;;;
48.1116120439, -1.67994098149;71;MAIRIE centrale;Place de la Mairie;M;PRIVE;2660;v.1055;NON;1;du L au V 8h30 à 17h, le S de 9h30 à 12h;Bus n° 15, 9, 2, 1. Métro République. Gratuit;;;;;;;;;;;;;;;;;;;;;;;;;;;;;;;;;;;;;;;;;;;
48.0886679943, -1.65991169589;2;Le TRIANGLE;1 bd de Yougoslavie;PRIVE;PRIVE;9735;v.24517;?;11;Horaires de l'établissement;Bus n° 32, 33, 61. Métro Le Blosne;;;;;;;;;;;;;;;;;;;;;;;;;;;;;;;;;;;;;;;;;;;
48.1144716845, -1.67711344278;52;Musée BEAUX ARTS HOCHES;32 rue Hoches;PRIVE;PRIVE;4470;v.1304;?;1;;Bus n° 8.;;;;;;;;;;;;;;;;;;;;;;;;;;;;;;;;;;;;;;;;;;;
48.1316149192, -1.64219329753;10;GAYEULLES Parc;"Parc des Gayeuilles SUD ""Tatelin""";M;DJ;;;;5;;;;;;;;;;;;;;;;;;;;;;;;;;;;;;;;;;;;;;Mer_A;17;;;;;;
48.1096208591, -1.6749677848;30;Musée BEAUX ARTS ZOLA;20 quai Emile Zola;PRIVE;PRIVE;;;;1;;à l'intérieur;;;;;;;;;;;;;;;;;;;;;;;;;;;;;;;;;;;;;;;;;;;
48.0873141392, -1.6427191226;508;POTERIE Métro;Rue Émile Littré;PROJET;PROJET;;;;;;;;;;;;;;;;;;;;;;;;;;;;;;;;;;;;;;;;;;;;;;;;;
48.1193336794, -1.70738836398;34;VILLEJEAN BOURGOGNE;Rue de Bourgogne;A;DV PF;1145;v.25900;OUI;10;6h à 23h;Bus n° 31.;COMPLET;SOMMAIRE;COMPLET;SOMMAIRE;CONTROLE;SOMMAIRE;;0;0;0;4;0;8;0;0;0;0;0;10;0;0;0;0;0;4;0;7;0;0;0;4;Mar_B;14;Jeu_B;14;Mer_B;13;Lun_B;14;Ven_B;01+17;Sam_B;14
48.1132173625, -1.68276510139;70;Haut des LICES 1 & 2;Place du Haut des LICES;A;DV PF;5710;v.1027;?;1;n1 Jours de marchés & n2 TLJ;"n1 payant et n2 gratuit; parking";;;;;;;;0;0;0;0;0;0;0;0;0;0;0;0;0;0;0;0;0;0;0;0;0;0;2;6;Mar_B;03;Jeu_B;03;Mer_B;03;Lun_B;4;Ven_B;04;Sam_B;21
48.1316835223, -1.70280757952;49;BEAUREGARD Parc;Mail Emmanuel Le Ray;A;DV PF;J014;v.24991;OUI;10;6h à 23h;Bus n° 4, 30.;COMPLET;;COMPLET;;COMPLET;;;0;0;0;6;0;10;0;0;0;0;0;0;0;0;0;0;0;0;0;0;0;0;0;3;Mar_B;16;;;Mer_B;16;;;Ven_B;13;;
48.0934341258, -1.74590427641;84;APIGNE Resto;Parking 2 Chemin rural 72;MS;DV PF;V120;v.4336;OUI;9;TLJ;Ligne ApiBus Printemps / Été;;;;;;;;0;0;11;0;0;0;10;0;0;0;13;0;0;0;10;0;0;0;11;0;0;23;0;6;;;Jeu_B;18;Mer_B;19;Lun_B;19;Ven_B;16;;
48.0921613589, -1.73938982602;85;APIGNE étang;Parking 1 Chemin rural 72;MS;DV PF;V120;v.4336;OUI;9;TLJ;Ligne ApiBus Printemps / Été;;;;;;;;0;0;0;0;0;0;0;0;0;0;0;0;0;0;0;0;0;0;0;0;0;23;0;6;;;Jeu_B;17;Mer_B;18;Lun_B;18;Ven_B;15;;
48.1111306998, -1.69862163986;33;Parc St CYR;57 rue Papu;A;DV PF;;;OUI;3;Horaires du parc;Bus n° 4;;;;;;;;;;;;;;;;;;;;;;;;;;;;;;;2;Mar_B;08;Jeu_B;07;Mer_B;09;Lun_B;8;Ven_B;09;;
48.1296575133, -1.69858066085;102;"Eugène AULNETTE ""C.C.""";Rue Tanguy PRIGENT;A;DV PF;;;OUI;10;6h à 23h;Bus n° 4.;;;;;;;;;;;;;;;;;;;;;;;;;;;;;;;4;Mar_B;17;;;Mer_B;17;;;Ven_B;14;;
48.1116126079, -1.67467602015;18;Saint-GEORGES;Jardin St. Georges;M;DJ;;;;2;;;;;;;;;;;;;;;;;;;;;;;;;;;;;;;;;;Mar_B;01;Jeu_B;01;Mer_B;01;Lun_B;1;Ven_B;02;;
48.1221390527, -1.6543292008;50;MAUREPAS Parc;Face 16 bd. Raymond Poincaré;A;DV PF;8180;v.28308;OUI;5;Horaires du Parc;Bus n° 1, 3.;COMPLET;;COMPLET;;COMPLET;SOMMAIRE;;14;0;0;0;0;0;0;4;0;0;0;4;0;0;0;3;0;0;0;1;0;15;0;5;Mar_A;12;Jeu_A;10;Mer_A;09;Lun_A;11;Ven_A;10;;
48.1107368442, -1.67375366652;35;KLEBER_parking;1 rue Kléber;M;DV PF;5210;v.27975;NON;2;Horaires du parking;Bus n° 3.;COMPLET;COMPLET;COMPLET;COMPLET;COMPLET;COMPLET;;0;7;0;0;0;0;0;0;0;8;0;0;0;7;0;0;0;11;0;0;0;0;0;4;Mar_A;08;;;Mer_A;07;Lun_A;7;Ven_A;07;;
48.1302691536, -1.65976288191;79;ERLANGEN;Place Erlangen sud;A;DV PF;2919;v.1824;OUI;5;6h à 23h;Bus n° 9, 30.;CONTROLE;CONTROLE;2CONTROLES;2CONTROLES;SOMMAIRE;;;0;0;0;9;0;2;0;6;0;0;0;0;0;0;0;5;0;0;0;2;0;0;0;5;Mar_A;2+18;;;Mer_A;12;Lun_A;12;Ven_A;13;;
48.1203476496, -1.65469008683;98;Alexis CARELL marché;Face 65 Bd. Alexis Carrel;A;DV PF;0260;v.735;?;6;6h à 23h;Bus n° 1, 30.;SOMMAIRE;;CONTROLE;CONTROLE;;CONTROLE;;0;0;0;11;0;0;0;3;0;0;0;3;0;2;0;2;0;0;0;0;0;0;0;3;Mar_A;11;Jeu_A;1-18;Mer_A;08;;;Ven_A;09;;
48.0909860315, -1.64117204058;40;POTERIE;22 Place du Ronceray;A;DV PF;8297;v.4695;OUI;7;6h à 23h;Bus n° 2, 8, 33.;SOMMAIRE;SOMMAIRE;CONTROLE;CONTROLE;SOMMAIRE;COMPLET;;18;0;0;0;1;0;0;0;4;0;2;0;0;0;0;0;2;0;0;0;4;0;0;6;Mar_C;10;Jeu_C;9;;;;;;;;
48.0962890864, -1.64262909635;86;Ferme du LANDRY;198 Rue de Châteaugiron le Parc;MS;DV PF;J018;v.25595;OUI;7;TLJ;Bus n° 1.;;;;;;;;0;0;0;0;0;0;0;0;3;0;0;0;0;0;0;0;1;0;0;0;3;0;0;3;Mar_C;9;Jeu_C;8;;;;;;;;
48.1062791405, -1.67993041711;507;PLELO Métro;Rue de Plélo;PROJET;PROJET;;;;;;;;;;;;;;;;;;;;;;;;;;;;;;;;;;;;;;;;;;;;;;;;;
48.1154818947, -1.67157416578;91;THABORD GRIGNAN;1 rue de Grignan;A;DV PF;J072;v.28066;OUI;2;Horaires du Parc;Bus n° 3.;COMPLET;SOMMAIRE;;COMPLET;SOMMAIRE;CONTROLE;;10;2;0;0;0;0;0;8;0;3;0;0;0;3;0;0;0;2;0;0;0;10;0;6;Mar_A;03;Jeu_A;03;Mer_A;02;Lun_A;2;Ven_A;02;Sam_B;8
48.1049106967, -1.6866855798;55;ABELARD;Parking 1 rue Pierre Abélard;M;DV PF;7460;v.7572;NON;9;Horaires du parking;;SOMMAIRE;COMPLET;CONTROLE;SOMMAIRE;COMPLET;;;0;0;8;0;0;0;0;0;0;0;0;0;3;0;8;0;0;0;0;0;0;0;0;3;;;;;Mer_C;9;Lun_C;8;Ven_C;7;;
48.0855466847, -1.6923218798;59;Albert BAYET;Place Albert Bayet;A;DV PF;0121;v.26804;OUI;12;6h à 23h;Bus n° 5.;SOMMAIRE;;CONTROLE;SOMMAIRE;COMPLET;;;0;0;0;0;8;0;0;0;12;0;0;0;7;0;0;0;9;0;8;0;9;0;0;6;;;Jeu_C;17;;;Lun_C;17;Ven_C;1-16;;
48.1116892027, -1.68289205791;908;Fontaine Psalette;;;;;;;;;;;;;;;;;;;;;;;;;;;;;;;;;;;;;;;;;;;;;;;Lun_B;5;;;;
48.1112176044, -1.6787602912;25;MAIRIE OPERA;Place de la Mairie;M;DV PF;6100;v.1330;NON;1;du Lundi au Samedi 8h à 19h40.;Bus n° 15, 9 2 1, métro République.;;;;;;;;0;0;0;0;0;0;0;0;0;0;0;0;0;0;0;0;0;0;0;0;0;0;0;6;;;;;;;;;;;;
48.1146336221, -1.67252824213;107;THABORD Jean ZAY;1 place St. Melaine parc;A;DV PF;;;OUI;2;Horaires du Parc;Bus n° 3.;;;;;;;;;;;;;;;;;;;;;;;;;;;;;;;6;Mar_A;05;Jeu_A;05;Mer_A;04;Lun_A;4;Ven_A;04;Sam_B;9
48.1395129272, -1.66303962419;32;COULÉE VERTE nord;Promenade de la Tauvrais jardins familliaux;MS;DJ;;;OUI;5;Selon Direction des Jardins;Bus n°3 St Laurent ou Bus n° 5 Patton;;;;;;;;;;;;;;;;;;;;;;;;;;;;;;;;Mar_A;17;;;Mer_A;16;;;Ven_A;16;;
48.1397713867, -1.64618837812;7;Parc des Bois Chemin de Louvries;rue Maurice AUDIN;M;DJ;;;;5;;;;;;;;;;;;;;;;;;;;;;;;;;;;;;;;;;;;;;Mer_A;15;Lun_A;15;Ven_A;15;;
48.1188327118, -1.69393155418;89;Hôpital PONCHAILLOU;rue Henri Le Guilloux;PRIVE;PRIVE;A014;v.8322;OUI;10;24H / 24H;Bus n° 2 et métro Ponchaillou + parking. Payant;;;;;;;;;;;;;;;;;;;;;;;;;;;;;;;;;;;;;;;;;;;
48.1077043128, -1.67254321347;95;T.N.B.;rue Saint-Hélier;PRIVE;PRIVE;8670;v.24703;OUI;2;Horaires du théâtre;Bus n° 3, 5, 8.;;;;;;;;;;;;;;;;;;;;;;;;;;;;;;;;;;;;;;;;;;;
48.1038837341, -1.67117466986;76;GARE ROUTIERE;Bd Solférino;PRIVE;PRIVE;9070;v.2963;?;2;;Bus n° 41, 42, 43, 63, 2, 11, 17 et arrêt ILLENO + parking + métro gare;;;;;;;;;;;;;;;;;;;;;;;;;;;;;;;;;;;;;;;;;;;
48.10896878, -1.68384414707;73;Place de BRETAGNE;8 place de Bretagne;A;DV PF;1200;v.5035;OUI;1;6h à 23h;Bus n° 16, 11, 54, 53.;SOMMAIRE;2SOMMAIRES;SOMMAIRE;CONTROLE;SOMMAIRE;SOMMAIRE;;3;0;7;0;0;0;8;0;0;0;10;0;0;0;7;0;0;0;7;0;0;5;0;6;Mar_C;3;Jeu_C;6;Mer_C;8;Lun_C;6;Ven_C;6;Sam_B;2
48.1139008227, -1.66618523752;93;THABORD D./Anne;Coté Bd. de la Duchesse Anne;A;DV PF;J072;v.28125;OUI;2;Horaires du Parc;Bus n° 3.;COMPLET;SOMMAIRE;;SOMMAIRE;;SOMMAIRE;;9;3;0;0;0;0;0;9;0;4;0;0;0;4;0;12;0;3;0;0;0;9;0;6;Mar_A;04;Jeu_A;04;Mer_A;03;Lun_A;3;Ven_A;03;Sam_B;7
48.0950018431, -1.66712977374;23;Sainte THERESE Église;Place Hyacinte Perrin Eglise;A;DV PF;4534;v.27210;OUI;8;6h à 23h;Bus n° 8, 33.;PT;PT;PT;PT;PT;PT;PT;0;0;0;0;5;0;0;0;0;0;0;0;0;0;0;0;5;0;0;0;0;0;0;2;Mar_C;16;Jeu_C;14;;;Lun_C;13;;;;
48.1049786585, -1.67812897724;54;COLOMBIER;22 place du Colombier;A;DV PF;2070;v.27100;OUI;1;6h à 23h;métro Charles De Gaulle;;;;;;;;0;0;4;0;0;0;5;0;0;0;7;0;0;0;4;0;0;0;4;0;0;4;0;6;Mar_C;5;Jeu_C;3;Mer_C;5;Lun_C;3;Ven_C;3;Sam_B;5
48.0814189058, -1.6826759674;62;BREQUIGNY Parc;Allée Ukraine côté Novotel;A;DV PF;J063;v.27652;OUI;12;6h à 23h;Bus n° 3, 33.;COMPLET;;SOMMAIRE;SOMMAIRE;SOMMAIRE;CONTROLE;;22;0;0;0;9;0;0;10;10;0;0;0;8;0;0;0;10;0;0;0;10;22;0;6;;;;;;;Lun_C;19;Ven_C;13;Sam_B;17
48.0914737727, -1.68251152308;63;CHAMP MANCEAU;Rue Louis et René Moines;A;DV PF;3380;v.3284;OUI;12;6h à 23h;Bus n° 3.;COMPLET;SOMMAIRE;SOMMAIRE;COMPLET;SOMMAIRE;;;0;0;0;0;10;0;0;0;9;0;0;0;6;0;0;0;8;0;0;0;8;0;0;5;;;;;Mer_C;13;Lun_C;15;Ven_C;12;;
48.1005880515, -1.70565647822;46;Marché CLEUNAY;Allée Joseph Germains;A;DV PF;4995;v.2600;OUI;9;6h à 23h;Bus n° 9.;COMPLET;CONTROLE;CONTROLE;SOMMAIRE;CONTROLE;;;0;0;10;0;0;0;9;0;13;0;12;11;0;0;0;0;0;0;10;0;0;0;0;5;Mar_C;1-18;Jeu_C;18;;;Lun_C;9;;;;
48.0935098469, -1.67389022302;45;Métro CLEMENCEAU;1 Ave Fréville;A;DV PF;4331;v.7516;OUI;8;6h à 23h;Bus n° 33;;;;;;;;0;0;0;0;6;0;0;0;8;0;0;0;0;0;0;0;6;0;0;0;0;20;0;4;Mar_C;17;Jeu_C;15;Mer_C;11;;;;;;
48.1099094163, -1.68826022671;31;MITTERRAND;Mail F. Mitterrand face au n° 24;A;DV PF;;;OUI;3;6h à 23h;Bus n° 4, 11, 14;;;;;;;;;;;;;;;;;;;;;;;;;;;;;;;2;Mar_B;05;Jeu_B;06;Mer_B;05;Lun_B;7;Ven_B;06;;
48.1224797704, -1.72136585222;14;VILLEJEAN Parc;PARC de Villejean N°65;M;DJ;J064;v.27718;OUI;10;TLJ;Bus n° 4, 30, 52.;;;;;;;;;;;;;;;;;;;;;;;;;;;;;;;;Mar_B;18;Jeu_B;16;;;Lun_B;17;;;;
48.1100410181, -1.68047297971;74;REPUBLIQUE;Face 1 Quai Lamennais;PRIVE;PRIVE;6880;v.1234;OUI;1;24h / 24h;Station bus et métro. Payant;PV;PV;PV;PV;PV;PV;PV;0;0;0;0;0;0;0;0;0;0;0;0;0;0;0;0;0;0;0;0;0;0;0;;;;;;;;;;;;;
48.1047577461, -1.68142727445;3;COLOMBIA;rez de chaussé Colombia;PRIVE;PRIVE;8492;v.27144;?;1;;;PV;PV;PV;PV;PV;PV;PV;0;0;0;0;0;0;0;0;0;0;0;0;0;0;0;0;0;0;0;0;0;0;0;;;;;;;;;;;;;
48.1103950919, -1.67628543252;37;Saint GERMAIN;2 place St. Germain;PROJET;PROJET;3290;v.1351;OUI;1;;;;;;;;;;12;8;0;0;0;0;0;1;0;9;0;1;0;8;0;0;0;12;0;0;0;13;0;;;;;;;;;;;;;
48.1366668752, -1.64521757826;100;GAYEULLE écosphère;Rue du Professeur Maurice;MS;DV PF;;;;5;TLJ;Bus n° 3.;;;;;;;;;;;;;;;;;;;;;;;;;;;;;;;5;;;Jeu_A;16;Mer_A;13;Lun_A;13;;;;
48.1310719666, -1.64824580349;11;GAYEULLES zone centrale;Gayeuilles zone centrale;M;DJ;;;;5;;;;;;;;;;;;;;;;;;;;;;;;;;;;;;;;;;;;Jeu_A;15;Mer_A;19;Lun_A;18;;;;
48.1067049516, -1.67690903705;67;Le LIBERTE;1 Pl. Esplanade Gl. De Gaulle;PRIVE;PRIVE;0311;v.2264;?;1;Horaires de la salle;Bus n° 8, métro Ch. De Gaulle;;;;;;;;;;;;;;;;;;;;;;;;;;;;;;;;;;;;;;;;;;;
48.127454345, -1.69401658307;19;PREFECTURE;3 av de la Préfecture;PRIVE;PRIVE;7915;v.2057;OUI;10;Horaires Préfecture;Bus n° 4, 30.;;;;;;;;;;;;;;;;;;;;;;;;;;;;;;;;;;;;;;;;;;;
48.1223232073, -1.70445000773;39;VILLEJEAN Piscine;1 Sq.d'Alsace;PRIVE;PRIVE;0311;v.2264;OUI;10;Horaires piscine;Bus n° 4.;;;;;;;;;;;;;;;;;;;;;;;;;;;;;;;;;;;;;;;;;;;
48.0833865301, -1.65322241716;83;HOPITAL SUD;16 bd de Bulgarie;PRIVE;PRIVE;1315;v.4112;OUI;11;;Bus n° 8, 33.;;;;;;;;;;;;;;;;;;;;;;;;;;;;;;;;;;;;;;;;;;;
48.1065359882, -1.67734268845;68;Esplanade G. De GAULLE;Esplanade Gl. De Gaulle;A;DV PF;3645;v.27039;OUI;1;6h à 23h;Bus n° 3, 8, métro Ch. De Gaulle;PT;PT;PT;PT;PT;PT;PT;0;0;3;0;0;0;4;0;0;0;6;0;0;0;3;0;0;0;3;0;0;3;0;6;Mar_C;6;Jeu_C;4;Mer_C;6;Lun_C;4;Ven_C;4;Sam_B;4
48.1122971213, -1.67087172261;94;THABORD PARIS;1 rue de Paris;M;DV PF;7090;v.1444;NON;2;Horaires du Parc;Bus n° 3.;COMPLET;SOMMAIRE;CONTROLE;;SOMMAIRE;SOMMAIRE;;8;5;0;0;0;0;0;11;0;6;0;0;0;0;0;11;0;9;0;0;0;12;0;6;Mar_A;06;Jeu_A;06;Mer_A;05;Lun_A;5;Ven_A;05;Sam_B;10
48.1128376014, -1.66610433349;78;DUCHESSE ANNE;Face au 3 Bd. de la Duchesse Anne;M;DV PF;2630;v.1434;NON;2;8h15 à 16h15;Bus n° 1, 9.;CONTROLE;2CONTROLES;2CONTROLES;2CONTROLES;2CONTROLES;;;0;1;0;12;0;1;0;12;0;0;0;0;0;1;0;0;0;1;0;10;0;0;0;5;;;Jeu_A;02;Mer_A;01;Lun_A;1;Ven_A;01-19;;
48.0890135355, -1.68898410398;104;BREQUIGNY Piscine;Bd. Albert Premier;A;DV PF;0200;v.3337;OUI;12;6h à 23h;Bus n° 5.;COMPLET;;SOMMAIRE;SOMMAIRE;;CONTROLE;;21;0;0;0;7;0;0;0;11;0;0;0;0;0;12;0;0;0;0;0;0;21;0;5;;;;;Mer_C;15;Lun_C;16;Ven_C;14;Sam_B;16
48.1322310286, -1.642585267;99;GAYEUILLES Resto;Parc des Gayeulles;A;DV PF;J094;v.28826;OUI;5;Horaires du Parc;;;;;;;;;0;0;0;0;0;0;0;0;0;0;0;0;0;0;0;0;0;0;0;0;0;0;0;6;Mar_A;15;Jeu_A;14;Mer_A;18;Lun_A;17;Ven_A;18;Sam_B;20
48.097761277, -1.68313257316;38;VILLENEUVE;Square de Villeneuve 1 r M. Berthelot;A;DV PF;J082;v.28395;OUI;8;Horaires du Parc;Bus n° 3.;COMPLET;;COMPLET;COMPLET;;COMPLET;;0;0;0;0;11;0;0;0;0;0;0;0;5;0;0;0;0;0;0;0;0;0;0;2;;;;;Mer_C;12;Lun_C;14;Ven_C;11;;
48.0881363724, -1.65653050576;58;ZAGREB;Place de Zagreb;A;DV PF;9795;v.27320;OUI;11;Samedi jour de marché;Bus n° 33. + métro Le Blosne;;COMPLET;;CONTROLE;SOMMAIRE;;;0;0;0;0;0;0;0;0;0;0;0;0;0;0;0;0;0;0;0;0;5;0;4;2;Mar_C;12;;;;;;;Ven_C;9;Sam_B;23
48.1125630273, -1.65884646877;8;Parc OBERTHUR;Parc Hamelin Oberthür;M;DJ;8270;v.1596;NON;2;Horaires du Parc;Bus n° 3, 19.;;;;;;;;;;;;;;;;;;;;;;;;;;;;;;;;Mar_A;09;Jeu_A;07;;;Lun_A;8;Ven_A;08;Sam_B;11
48.1356057137, -1.6518448622;80;GAYEUILLES parc des Bois;40 Ave des Gayeulles;PRIVE;DJ;J094;v.28919;OUI;5;;Bus n° 3.;;;;;;;;;;;;;;;;;;;;;;;;;;;;;;;;;;;;Mer_A;17;Lun_A;16;Ven_A;17;;
48.0830523028, -1.6916024942;6;BREQUIGNY Angleterre;84 rue d'Angleterre;M;DJ;;;;12;Horaires du Parc;;;;;;;;;;;;;;;;;;;;;;;;;;;;;;;;;;;;;Mer_C;16;Lun_C;18;Ven_C;15;Sam_B;18
48.124822288, -1.68173770383;17;Cimetière NORD;35 Rue Victor Ségalen;A;DV PF;9573;v.463;NON;4;Horaires du Cimetière;Bus n° 2.;COMPLET;SOMMAIRE;COMPLET;SOMMAIRE;COMPLET;;;7;0;0;1;0;5;0;0;0;0;0;7;0;0;0;8;0;0;0;5;0;8;0;5;Mar_B;13;Jeu_B;12;Mer_B;12;Lun_B;13;Ven_B;11;Sam_B;12
48.1123930347, -1.68440017364;66;JUILLET;Face au 5 rue de Juillet;A;DV PF;5090;v.1005;NON;1;6h à 23h;;SOMMAIRE;SOMMAIRE;SOMMAIRE;SOMMAIRE;SOMMAIRE;CONTROLE;;5;9;0;0;0;11;0;0;0;10;0;0;0;9;0;10;0;6;0;8;0;6;3;7;Mar_B;02;Jeu_B;02;Mer_B;02;Lun_B;3;Ven_B;03;Sam_B;1+22
48.1209671485, -1.68135682614;21;Saint MARTIN Ecluse;10 Canal St. Martin parking;A;DV PF;8739;v.645;OUI;4;6h à 23h;Bus n° 8.;;;;;;;;0;0;0;2;0;6;0;0;0;0;0;8;0;0;0;9;0;0;0;6;0;7;0;5;Mar_B;12;Jeu_B;11;Mer_B;11;Lun_B;12;Ven_B;10;;
48.1130884537, -1.69006865125;16;Guy HOUIST;Sq. Guy Houist;M;DJ;4106;v.26653;NON;3;;Bus n° 8.;;;;;;;;0;0;0;0;0;0;0;0;0;0;0;0;0;0;0;0;0;0;0;0;0;0;0;;Mar_B;10;Jeu_B;05;Mer_B;06;;;;;;
