lat;long;Geometry;ARRONDISSEMENT;NUMERO DE VOIE;NOM DE VOIE;HORAIRES OUVERTURE
48.8648280189; 2.35161126083;"{""type"": ""Point"", ""coordinates"": [2.351611260829617, 48.864828018946774]}";2;85;BOULEVARD DE SEBASTOPOL;6 h - 22 h
48.8667935445; 2.34957136375;"{""type"": ""Point"", ""coordinates"": [2.34957136374784, 48.86679354449764]}";2;73;RUE REAUMUR;6 h - 22 h
48.8668198774; 2.35272664515;"{""type"": ""Point"", ""coordinates"": [2.352726645149509, 48.866819877360705]}";2;109;BOULEVARD DE SEBASTOPOL;6 h - 22 h
48.8700582311; 2.32934537933;"{""type"": ""Point"", ""coordinates"": [2.329345379329587, 48.87005823114267]}";2;37;BOULEVARD DES CAPUCINES;6 h - 22 h
48.8687490656; 2.34323594839;"{""type"": ""Point"", ""coordinates"": [2.3432359483868472, 48.86874906559865]}";2;117;RUE MONTMARTRE;6 h - 22 h
48.8578325126; 2.35581305144;"{""type"": ""Point"", ""coordinates"": [2.355813051437258, 48.8578325125527]}";4;10bis;RUE DE MOUSSY;24 h / 24
48.8567894255; 2.35418309909;"{""type"": ""Point"", ""coordinates"": [2.354183099093415, 48.85678942545494]}";4;face 50;RUE DE RIVOLI;24 h / 24
48.8553031934; 2.36041970739;"{""type"": ""Point"", ""coordinates"": [2.360419707390965, 48.85530319342062]}";4;123;RUE SAINT ANTOINE;24 h / 24
48.8607904234; 2.35131574473;"{""type"": ""Point"", ""coordinates"": [2.351315744725904, 48.86079042337449]}";4;123;RUE SAINT MARTIN;24 h / 24
48.8392007135; 2.33873159224;"{""type"": ""Point"", ""coordinates"": [2.33873159224037, 48.83920071353255]}";5;88 ter;BOULEVARD DE PORT ROYAL;24 h / 24
48.8431229675; 2.35207299082;"{""type"": ""Point"", ""coordinates"": [2.3520729908247002, 48.84312296749093]}";5;face 75 bis;RUE MONGE;24 h / 24
48.8417544352; 2.33748462835;"{""type"": ""Point"", ""coordinates"": [2.33748462835467, 48.84175443523745]}";6;face 139;BOULEVARD SAINT MICHEL;24 h / 24
48.8544281281; 2.33099520431;"{""type"": ""Point"", ""coordinates"": [2.330995204306215, 48.85442812807721]}";6;186;BOULEVARD SAINT GERMAIN;24 h / 24
48.8624769891; 2.31080862005;"{""type"": ""Point"", ""coordinates"": [2.310808620054225, 48.86247698908471]}";7;41;PLACE DE FINLANDE;24 h / 24
48.8551043871; 2.29589590523;"{""type"": ""Point"", ""coordinates"": [2.295895905231061, 48.855104387148856]}";7;;AVENUE CHARLES FLOQUET;24 h / 24
48.8498348758; 2.32305465373;"{""type"": ""Point"", ""coordinates"": [2.323054653730249, 48.849834875844934]}";7;40;RUE DE SEVRES;6 h - 22 h
48.8651488379; 2.31808802785;"{""type"": ""Point"", ""coordinates"": [2.318088027847812, 48.86514883793256]}";8;;COURS LA REINE;24 h / 24
48.8721336811; 2.33854479898;"{""type"": ""Point"", ""coordinates"": [2.338544798981386, 48.87213368108026]}";9;1;BOULEVARD HAUSSMANN;6 h - 22 h
48.8834206143; 2.34743317135;"{""type"": ""Point"", ""coordinates"": [2.347433171347692, 48.8834206142702]}";9;17;BOULEVARD DE ROCHECHOUART;24 h / 24
48.8816653953; 2.34551626208;"{""type"": ""Point"", ""coordinates"": [2.345516262075593, 48.88166539533085]}";9;11;AVENUE TRUDAINE;6 h - 22 h
48.8823161493; 2.34143291584;"{""type"": ""Point"", ""coordinates"": [2.3414329158415272, 48.88231614934598]}";9;51;BOULEVARD DE ROCHECHOUART;24 h / 24
48.8689996554; 2.35617327983;"{""type"": ""Point"", ""coordinates"": [2.356173279832786, 48.86899965543666]}";10;20;BOULEVARD SAINT MARTIN;24 h / 24
48.875780706; 2.35586267389;"{""type"": ""Point"", ""coordinates"": [2.355862673890456, 48.87578070604331]}";10;;SQUARE ALBAN SATRAGNE;24 h / 24
48.8723150752; 2.36958303183;"{""type"": ""Point"", ""coordinates"": [2.369583031825527, 48.87231507521738]}";10;face 4;AVENUE CLAUDE VELLEFAUX;6 h - 1 h
48.8707513162; 2.35456149368;"{""type"": ""Point"", ""coordinates"": [2.354561493683801, 48.87075131619064]}";10;face au 1;RUE DE METZ;24 h / 24
48.8722796221; 2.37662795136;"{""type"": ""Point"", ""coordinates"": [2.376627951361052, 48.87227962212216]}";10;face 1;BOULEVARD DE LA VILLETTE;24 h / 24
48.8822446249; 2.35053422485;"{""type"": ""Point"", ""coordinates"": [2.350534224849961, 48.88224462487047]}";10;145;BOULEVARD DE MAGENTA;6 h - 22 h
48.8835732741; 2.36874246833;"{""type"": ""Point"", ""coordinates"": [2.368742468326459, 48.88357327405631]}";10;11;PLACE DE LA BATAILLE DE STALINGRAD;6 h - 22 h
48.8662247816; 2.36500326172;"{""type"": ""Point"", ""coordinates"": [2.3650032617181322, 48.86622478164211]}";11;54;BOULEVARD DU TEMPLE;24 h / 24
48.8696842376; 2.37116053465;"{""type"": ""Point"", ""coordinates"": [2.371160534648695, 48.86968423764372]}";11;135;AVENUE PARMENTIER;24 h / 24
48.8461981551; 2.41126940318;"{""type"": ""Point"", ""coordinates"": [2.411269403182583, 48.846198155116454]}";12;2;RUE FERNAND FOUREAU;6 h - 22 h
48.8461125674; 2.37654775403;"{""type"": ""Point"", ""coordinates"": [2.376547754029987, 48.84611256741499]}";12;32;BOULEVARD DIDEROT;24 h / 24
48.8294847116; 2.34942543957;"{""type"": ""Point"", ""coordinates"": [2.34942543957019, 48.829484711629576]}";13;face 61;BOULEVARD AUGUSTE BLANQUI;24 h / 24
48.8303257437; 2.37520071297;"{""type"": ""Point"", ""coordinates"": [2.375200712970527, 48.83032574369729]}";13;face 97;RUE DU CHEVALERET;24 h / 24
48.8396342754; 2.36175466277;"{""type"": ""Point"", ""coordinates"": [2.361754662773166, 48.83963427542653]}";13;;BOULEVARD DE L HOPITAL;6 h - 1 h
48.8404714766; 2.32683121793;"{""type"": ""Point"", ""coordinates"": [2.326831217925536, 48.84047147658251]}";14;face 32;BOULEVARD EDGAR QUINET;24 h / 24
48.8244420825; 2.33853893042;"{""type"": ""Point"", ""coordinates"": [2.33853893041639, 48.82444208254364]}";14;face 40;AVENUE REILLE;24 h / 24
48.8421757132; 2.32316498865;"{""type"": ""Point"", ""coordinates"": [2.323164988646387, 48.84217571324312]}";14;23;RUE DU DEPART;24 h / 24
48.8347355513; 2.33680389185;"{""type"": ""Point"", ""coordinates"": [2.3368038918486462, 48.83473555131084]}";14;98;BOULEVARD ARAGO;6 h - 1 h
48.8382702261; 2.34180576785;"{""type"": ""Point"", ""coordinates"": [2.341805767854998, 48.83827022611262]}";14;95;BOULEVARD DE PORT ROYAL;6 h - 22 h
48.8243414263; 2.32111692411;"{""type"": ""Point"", ""coordinates"": [2.321116924107991, 48.82434142631821]}";14;161;BOULEVARD BRUNE;6 h - 22 h
48.8296102487; 2.32630790325;"{""type"": ""Point"", ""coordinates"": [2.326307903251042, 48.829610248695154]}";14;199;AVENUE DU MAINE;6 h - 22 h
48.8394184396; 2.2914579762;"{""type"": ""Point"", ""coordinates"": [2.291457976199311, 48.83941843956059]}";15;150;RUE DE LA CONVENTION;6 h - 22 h
48.844736498; 2.31101424775;"{""type"": ""Point"", ""coordinates"": [2.311014247753456, 48.84473649798762]}";15;6;BOULEVARD PASTEUR;24 h / 24
48.8528463574; 2.29798828688;"{""type"": ""Point"", ""coordinates"": [2.297988286878163, 48.852846357416354]}";15;86;RUE DE LA FEDERATION;24 h / 24
48.8356684765; 2.30259575059;"{""type"": ""Point"", ""coordinates"": [2.302595750589671, 48.83566847654808]}";15;139;RUE DE L ABBE GROULT;6 h - 22 h
48.8510453349; 2.29512257485;"{""type"": ""Point"", ""coordinates"": [2.295122574851614, 48.851045334925004]}";15;face 22;PLACE DUPLEIX;24 h / 24
48.8465213699; 2.31694564817;"{""type"": ""Point"", ""coordinates"": [2.316945648173304, 48.846521369929214]}";15;6;BOULEVARD DU MONTPARNASSE;24 h / 24
48.8621579607; 2.28638203361;"{""type"": ""Point"", ""coordinates"": [2.286382033607376, 48.86215796069435]}";16;;AVENUE PAUL DOUMER;24 h / 24
48.8459388963; 2.26908155009;"{""type"": ""Point"", ""coordinates"": [2.269081550085641, 48.84593889627871]}";16;37;RUE MIRABEAU;6 h - 22 h
48.8458131187; 2.2559870395;"{""type"": ""Point"", ""coordinates"": [2.255987039503988, 48.84581311871515]}";16;face 21;AVENUE DU GENERAL SARRAIL;6 h - 22 h
48.8905508133; 2.30346768685;"{""type"": ""Point"", ""coordinates"": [2.303467686847891, 48.89055081333051]}";17;face 3;AVENUE DE LA PORTE D ASNIERES;6 h - 22 h
48.8818841939; 2.28601752975;"{""type"": ""Point"", ""coordinates"": [2.286017529747108, 48.88188419392366]}";17;51;BOULEVARD GOUVION SAINT CYR;6 h - 22 h
48.8833450337; 2.32631183278;"{""type"": ""Point"", ""coordinates"": [2.326311832778868, 48.88334503374101]}";17;face 10;BOULEVARD DES BATIGNOLLES;24 h / 24
48.884382393; 2.3302750002;"{""type"": ""Point"", ""coordinates"": [2.330275000203259, 48.88438239298197]}";18;face 118;BOULEVARD DE CLICHY;24 h / 24
48.8844550441; 2.34273602653;"{""type"": ""Point"", ""coordinates"": [2.342736026528085, 48.88445504408538]}";18;;PLACE SUZANNE VALADON;24 h / 24
48.8920795027; 2.36154810531;"{""type"": ""Point"", ""coordinates"": [2.361548105312066, 48.8920795026513]}";18;opposé au 10;RUE DE L EVANGILE;6 h - 22 h
48.8884941411; 2.34943063436;"{""type"": ""Point"", ""coordinates"": [2.349430634358364, 48.88849414111792]}";18;43;BOULEVARD BARBES;24 h / 24
48.8832470829; 2.34590618688;"{""type"": ""Point"", ""coordinates"": [2.345906186882481, 48.88324708289284]}";18;face 52;BOULEVARD DE ROCHECHOUART;24 h / 24
48.9010611628; 2.33553744078;"{""type"": ""Point"", ""coordinates"": [2.335537440784673, 48.90106116282343]}";18;opposé au 94;RUE JEAN HENRI FABRE;6 h - 22 h
48.8978997141; 2.32937581204;"{""type"": ""Point"", ""coordinates"": [2.329375812035528, 48.89789971412332]}";18;2;AVENUE DE LA PORTE DE SAINT OUEN;24 h / 24
48.898773308; 2.36929812409;"{""type"": ""Point"", ""coordinates"": [2.369298124088574, 48.89877330803369]}";18;face 3;BOULEVARD NEY;6 h - 22 h
48.8755544143; 2.39779898431;"{""type"": ""Point"", ""coordinates"": [2.397798984308038, 48.87555441425665]}";19;251;RUE DE BELLEVILLE;6 h - 22 h
48.8784476343; 2.37394970898;"{""type"": ""Point"", ""coordinates"": [2.373949708978971, 48.87844763434919]}";19;29;AVENUE MATHURIN MOREAU;6 h - 22 h
48.8958345397; 2.37566147354;"{""type"": ""Point"", ""coordinates"": [2.375661473541809, 48.89583453970983]}";19;92;RUE CURIAL;6 h - 22 h
48.8973126836; 2.38565335157;"{""type"": ""Point"", ""coordinates"": [2.385653351572138, 48.89731268357005]}";19;26 bis;AVENUE CORENTIN CARIOU;24 h / 24
48.8888356217; 2.37903396915;"{""type"": ""Point"", ""coordinates"": [2.379033969150523, 48.88883562170698]}";19;;RUE DE CRIMEE;6 h - 1 h
48.8909604073; 2.37724299499;"{""type"": ""Point"", ""coordinates"": [2.3772429949868332, 48.890960407287245]}";19;100;AVENUE DE FLANDRE;6 h - 22 h
48.8706908077; 2.40935900155;"{""type"": ""Point"", ""coordinates"": [2.409359001552625, 48.8706908077231]}";20;;PLACE DE L ADJUDANT VINCENOT;6 h - 22 h
48.8667550376; 2.38338973341;"{""type"": ""Point"", ""coordinates"": [2.383389733409092, 48.86675503761971]}";20;face 148;BOULEVARD DE MENILMONTANT;24 h / 24
48.8583381123; 2.41471511824;"{""type"": ""Point"", ""coordinates"": [2.414715118235164, 48.85833811229018]}";20;;AVENUE DU PROFESSEUR ANDRE LEMIERE;6 h - 22 h
48.8553275619; 2.41523391124;"{""type"": ""Point"", ""coordinates"": [2.415233911242912, 48.85532756186436]}";20;12;AVENUE DU PROFESSEUR ANDRE LEMIERE;6 h - 22 h
48.8570490165; 2.4045172617;"{""type"": ""Point"", ""coordinates"": [2.404517261700919, 48.85704901651628]}";20;face 121;RUE DES PYRENEES;6 h - 22 h
48.8649497422; 2.39471760215;"{""type"": ""Point"", ""coordinates"": [2.394717602147172, 48.864949742210534]}";20;face 4;PLACE MARTIN NADAUD;24 h / 24
48.8684257357; 2.38988864716;"{""type"": ""Point"", ""coordinates"": [2.3898886471572203, 48.86842573567739]}";20;3;RUE SORBIER;24 h / 24
48.8631566853; 2.34183617987;"{""type"": ""Point"", ""coordinates"": [2.341836179865835, 48.863156685268876]}";1;39;PLACE DES DEUX ECUS;24 h / 24
48.8602837777; 2.34647836638;"{""type"": ""Point"", ""coordinates"": [2.34647836638173, 48.86028377771548]}";1;2;RUE DE LA LINGERIE;24 h / 24
48.8689183629; 2.34062639783;"{""type"": ""Point"", ""coordinates"": [2.340626397833137, 48.8689183629196]}";2;face 13;PLACE DE LA BOURSE;6 h - 22 h
48.8702743131; 2.33066568733;"{""type"": ""Point"", ""coordinates"": [2.330665687327337, 48.8702743131037]}";2;27;BOULEVARD DES CAPUCINES;24 h / 24
48.8499307054; 2.36673549452;"{""type"": ""Point"", ""coordinates"": [2.366735494522012, 48.849930705384836]}";4;21 bis;BOULEVARD BOURDON;6 h - 22 h
48.8564861574; 2.34979645991;"{""type"": ""Point"", ""coordinates"": [2.349796459913592, 48.856486157358184]}";4;6;QUAI DE GESVRES;24 h / 24
48.8526426927; 2.36835669665;"{""type"": ""Point"", ""coordinates"": [2.368356696645447, 48.85264269270479]}";4;41;BOULEVARD BOURDON;24 h / 24
48.8602128675; 2.35039774649;"{""type"": ""Point"", ""coordinates"": [2.350397746492964, 48.86021286751078]}";4;face 2;RUE AUBRY LE BOUCHER;24 h / 24
48.8582009701; 2.3497975967;"{""type"": ""Point"", ""coordinates"": [2.349797596697657, 48.8582009700761]}";4;14;RUE SAINT MARTIN;24 h / 24
48.8605238452; 2.35117112561;"{""type"": ""Point"", ""coordinates"": [2.351171125609475, 48.860523845175756]}";4;115;RUE SAINT MARTIN;24 h / 24
48.8403933132; 2.3612732609;"{""type"": ""Point"", ""coordinates"": [2.361273260901118, 48.84039331319135]}";5;4;RUE POLIVEAU;24 h / 24
48.849330259; 2.35484617831;"{""type"": ""Point"", ""coordinates"": [2.35484617831496, 48.84933025898464]}";5;9;BOULEVARD SAINT GERMAIN;6 h - 22 h
48.8461292375; 2.34004429125;"{""type"": ""Point"", ""coordinates"": [2.340044291249991, 48.846129237525595]}";6;face 73;BOULEVARD SAINT MICHEL;24 h / 24
48.8527219832; 2.33459026841;"{""type"": ""Point"", ""coordinates"": [2.334590268412054, 48.85272198320083]}";6;17;RUE DU FOUR;24 h / 24
48.8516268274; 2.32518012982;"{""type"": ""Point"", ""coordinates"": [2.32518012982191, 48.85162682743579]}";7;face 12;RUE DE BABYLONE;24 h / 24
48.8651933385; 2.30018344606;"{""type"": ""Point"", ""coordinates"": [2.30018344605526, 48.865193338474064]}";8;2;AVENUE MARCEAU;24 h / 24
48.8701413113; 2.31016091273;"{""type"": ""Point"", ""coordinates"": [2.310160912731215, 48.87014131131522]}";8;4;AVENUE FRANKLIN D ROOSEVELT;6 h - 22 h
48.8746134859; 2.30236199297;"{""type"": ""Point"", ""coordinates"": [2.302361992970424, 48.87461348591688]}";8;face 19;AVENUE DE FRIEDLAND;24 h / 24
48.8754179857; 2.31511516886;"{""type"": ""Point"", ""coordinates"": [2.31511516886159, 48.87541798569831]}";8;face 4;AVENUE DE MESSINE;24 h / 24
48.8820890178; 2.33916330241;"{""type"": ""Point"", ""coordinates"": [2.339163302411379, 48.882089017822835]}";9;5;BOULEVARD DE CLICHY;24 h / 24
48.883534879; 2.33353024813;"{""type"": ""Point"", ""coordinates"": [2.333530248134982, 48.88353487898769]}";9;74;BOULEVARD DE CLICHY;24 h / 24
48.883981308; 2.33178483408;"{""type"": ""Point"", ""coordinates"": [2.331784834078105, 48.8839813080106]}";9;65;BOULEVARD DE CLICHY;24 h / 24
48.8779817762; 2.37008390154;"{""type"": ""Point"", ""coordinates"": [2.370083901538699, 48.87798177617535]}";10;;PLACE DU COLONEL FABIEN;6 h - 22 h
48.8734807411; 2.37528177673;"{""type"": ""Point"", ""coordinates"": [2.375281776729692, 48.87348074112042]}";10;25;BOULEVARD DE LA VILLETTE;6 h - 22 h
48.8763040445; 2.36139576778;"{""type"": ""Point"", ""coordinates"": [2.361395767776341, 48.87630404447861]}";10;1;AVENUE DE VERDUN;24 h / 24
48.8762387309; 2.36817760919;"{""type"": ""Point"", ""coordinates"": [2.368177609189517, 48.87623873088722]}";10;2;RUE DES ECLUSES SAINT MARTIN;6 h - 1 h
48.8771534015; 2.3551008979;"{""type"": ""Point"", ""coordinates"": [2.355100897897021, 48.87715340154196]}";10;face 85 bis;BOULEVARD DE MAGENTA;24 h / 24
48.8832700898; 2.34961000749;"{""type"": ""Point"", ""coordinates"": [2.349610007491825, 48.88327008982752]}";10;opposé au 168;BOULEVARD DE MAGENTA;6 h - 22 h
48.8704916023; 2.35137801617;"{""type"": ""Point"", ""coordinates"": [2.351378016169541, 48.87049160232466]}";10;5;RUE DE MAZAGRAN;24 h / 24
48.8548881939; 2.3728553855;"{""type"": ""Point"", ""coordinates"": [2.372855385502981, 48.85488819385095]}";11;27;RUE DE LA ROQUETTE;24 h / 24
48.8521369726; 2.393718343;"{""type"": ""Point"", ""coordinates"": [2.393718342998497, 48.85213697258905]}";11;44;AVENUE PHILIPPE AUGUSTE;6 h - 22 h
48.8586921502; 2.38394554725;"{""type"": ""Point"", ""coordinates"": [2.383945547253485, 48.85869215015876]}";11;135;RUE DE LA ROQUETTE;6 h - 1 h
48.839165346; 2.39230258734;"{""type"": ""Point"", ""coordinates"": [2.39230258734243, 48.839165346012265]}";12;26;BOULEVARD DE REUILLY;6 h - 22 h
48.8444926866; 2.37744419191;"{""type"": ""Point"", ""coordinates"": [2.377444191914515, 48.84449268657988]}";12;29;RUE ROLAND BARTHES;24 h / 24
48.8449844522; 2.38031784261;"{""type"": ""Point"", ""coordinates"": [2.380317842611193, 48.84498445220782]}";12;111;AVENUE DAUMESNIL;24 h / 24
48.84368377; 2.40188520758;"{""type"": ""Point"", ""coordinates"": [2.40188520758276, 48.843683770004624]}";12;54;BOULEVARD DE PICPUS;6 h - 22 h
48.8471076938; 2.40747877396;"{""type"": ""Point"", ""coordinates"": [2.407478773963453, 48.84710769383865]}";12;90;COURS DE VINCENNES;6 h - 22 h
48.84923929; 2.37108368746;"{""type"": ""Point"", ""coordinates"": [2.371083687457174, 48.84923929002003]}";12;36;AVENUE DAUMESNIL;24 h / 24
48.8441411997; 2.44113275967;"{""type"": ""Point"", ""coordinates"": [2.441132759674045, 48.84414119973615]}";12;;AVENUE DE NOGENT;6 h - 22 h
48.8199697602; 2.34772693476;"{""type"": ""Point"", ""coordinates"": [2.347726934756863, 48.81996976021128]}";13;79;BOULEVARD KELLERMANN;6 h - 22 h
48.8223447327; 2.3727636369;"{""type"": ""Point"", ""coordinates"": [2.372763636895758, 48.82234473268878]}";13;;AVENUE CLAUDE REGAUD;6 h - 22 h
48.8226634817; 2.36685643725;"{""type"": ""Point"", ""coordinates"": [2.36685643724587, 48.82266348173257]}";13;27;AVENUE D IVRY;6 h - 22 h
48.8189769485; 2.3575912199;"{""type"": ""Point"", ""coordinates"": [2.357591219899253, 48.81897694851295]}";13;5;BOULEVARD KELLERMANN;24 h / 24
48.8266907029; 2.34180648779;"{""type"": ""Point"", ""coordinates"": [2.341806487785599, 48.82669070294048]}";13;face 129;RUE DE LA GLACIERE;6 h - 22 h
48.8281983631; 2.35845319705;"{""type"": ""Point"", ""coordinates"": [2.358453197049667, 48.82819836307335]}";13;face 159;AVENUE DE CHOISY;6 h - 22 h
48.8293762307; 2.36530148206;"{""type"": ""Point"", ""coordinates"": [2.365301482057994, 48.82937623074487]}";13;;RUE CLISSON;24 h / 24
48.8311339821; 2.34443170401;"{""type"": ""Point"", ""coordinates"": [2.344431704008934, 48.83113398213422]}";13;100;BOULEVARD AUGUSTE BLANQUI;24 h / 24
48.8282285074; 2.376734206;"{""type"": ""Point"", ""coordinates"": [2.376734206003274, 48.82822850742154]}";13;38;RUE DU CHEVALERET;6 h - 22 h
48.8352392611; 2.36878261008;"{""type"": ""Point"", ""coordinates"": [2.368782610076463, 48.83523926106059]}";13;44;BOULEVARD VINCENT AURIOL;24 h / 24
48.8381106104; 2.32233836209;"{""type"": ""Point"", ""coordinates"": [2.322338362086393, 48.838110610351656]}";14;88;AVENUE DU MAINE;6 h - 1 h
48.8354861014; 2.31779797752;"{""type"": ""Point"", ""coordinates"": [2.31779797751881, 48.835486101365184]}";14;opposé au 3;RUE DE L ABBE SOULANGE BODIN;6 h - 22 h
48.8249885208; 2.31127922285;"{""type"": ""Point"", ""coordinates"": [2.311279222850022, 48.824988520831646]}";14;11;AVENUE MAURICE D OCAGNE;6 h - 22 h
48.8322602151; 2.3253096623;"{""type"": ""Point"", ""coordinates"": [2.325309662299757, 48.832260215072495]}";14;;AVENUE DU MAINE;6 h - 22 h
48.8339254348; 2.31456172274;"{""type"": ""Point"", ""coordinates"": [2.314561722738549, 48.83392543480147]}";14;21;RUE DE GERGOVIE;6 h - 22 h
48.84733414; 2.31095990545;"{""type"": ""Point"", ""coordinates"": [2.310959905453926, 48.84733414001092]}";15;4;PLACE DE BRETEUIL;6 h - 22 h
48.8409122347; 2.31642763034;"{""type"": ""Point"", ""coordinates"": [2.316427630336515, 48.84091223472186]}";15;face 55;BOULEVARD DE VAUGIRARD;6 h - 22 h
48.838073564; 2.27798287788;"{""type"": ""Point"", ""coordinates"": [2.277982877876473, 48.83807356396192]}";15;;RUE SAINT CHARLES;6 h - 22 h
48.8360452422; 2.29341777565;"{""type"": ""Point"", ""coordinates"": [2.293417775646962, 48.83604524220066]}";15;face 6;RUE DESNOUETTES;24 h / 24
48.8396660531; 2.30195906663;"{""type"": ""Point"", ""coordinates"": [2.301959066629967, 48.839666053055645]}";15;277;RUE DE VAUGIRARD;6 h - 22 h
48.8346285188; 2.284141152;"{""type"": ""Point"", ""coordinates"": [2.284141151998802, 48.834628518846834]}";15;83;RUE DESNOUETTES;6 h - 22 h
48.8425893817; 2.29213723446;"{""type"": ""Point"", ""coordinates"": [2.292137234463806, 48.84258938168304]}";15;26;PLACE ETIENNE PERNET;24 h / 24
48.8447973119; 2.29047953946;"{""type"": ""Point"", ""coordinates"": [2.290479539458573, 48.84479731192474]}";15;1;PLACE VIOLET;6 h - 22 h
48.8462434637; 2.27762807252;"{""type"": ""Point"", ""coordinates"": [2.277628072521375, 48.84624346371504]}";15;face 2;AVENUE EMILE ZOLA;24 h / 24
48.8490352799; 2.28792008292;"{""type"": ""Point"", ""coordinates"": [2.287920082919212, 48.84903527987034]}";15;;RUE DU THEATRE;6 h - 1 h
48.8383970816; 2.25861985018;"{""type"": ""Point"", ""coordinates"": [2.258619850176145, 48.83839708158384]}";16;224;AVENUE DE VERSAILLES;6 h - 22 h
48.8623619639; 2.26822808174;"{""type"": ""Point"", ""coordinates"": [2.26822808173859, 48.86236196388364]}";16;;BOULEVARD SUCHET;6 h - 22 h
48.8412299523; 2.25461090743;"{""type"": ""Point"", ""coordinates"": [2.254610907429328, 48.841229952302605]}";16;16;AVENUE DU PARC DES PRINCES;6 h - 22 h
48.878920802; 2.29447373547;"{""type"": ""Point"", ""coordinates"": [2.294473735472731, 48.87892080201218]}";17;4;AVENUE NIEL;6 h - 22 h
48.8840275667; 2.30420618261;"{""type"": ""Point"", ""coordinates"": [2.304206182609653, 48.8840275667162]}";17;72;AVENUE DE VILLIERS;6 h - 22 h
48.8948461073; 2.31429354624;"{""type"": ""Point"", ""coordinates"": [2.314293546244285, 48.894846107330885]}";17;132;BOULEVARD BESSIERES;6 h - 22 h
48.8814960028; 2.29553251987;"{""type"": ""Point"", ""coordinates"": [2.29553251986901, 48.88149600278608]}";17;face 32;AVENUE NIEL;6 h - 22 h
48.8856323541; 2.35340146335;"{""type"": ""Point"", ""coordinates"": [2.353401463347953, 48.885632354085274]}";18;face 17;RUE POLONCEAU;6 h - 22 h
48.8841038721; 2.3521864294;"{""type"": ""Point"", ""coordinates"": [2.352186429401018, 48.88410387209199]}";18;36;RUE DE LA CHARBONNIERE;6 h - 22 h
48.8976316127; 2.3589156474;"{""type"": ""Point"", ""coordinates"": [2.358915647403526, 48.89763161271532]}";18;87;RUE DE LA CHAPELLE;6 h - 22 h
48.8890639193; 2.34515427741;"{""type"": ""Point"", ""coordinates"": [2.3451542774097662, 48.88906391929743]}";18;23;RUE LAMBERT;24 h / 24
48.9007058379; 2.34022806856;"{""type"": ""Point"", ""coordinates"": [2.340228068562176, 48.90070583792087]}";18;opposé au 17;RUE LIEUTENANT COLONEL DAX;6 h - 22 h
48.8957747391; 2.34600060986;"{""type"": ""Point"", ""coordinates"": [2.346000609858457, 48.895774739133586]}";18;face 51;PLACE ALBERT KAHN;6 h - 22 h
48.9008257902; 2.34380740461;"{""type"": ""Point"", ""coordinates"": [2.3438074046061512, 48.90082579022458]}";18;;AVENUE DE LA PORTE DE CLIGNANCOURT;6 h - 22 h
48.8991988465; 2.3701265059;"{""type"": ""Point"", ""coordinates"": [2.370126505900549, 48.89919884647476]}";18;3;AVENUE DE LA PORTE D AUBERVILLIERS;6 h - 22 h
48.8842143528; 2.32896961728;"{""type"": ""Point"", ""coordinates"": [2.3289696172819863, 48.88421435284178]}";18;130 ter;BOULEVARD DE CLICHY;24 h / 24
48.884078656; 2.35342927125;"{""type"": ""Point"", ""coordinates"": [2.353429271251458, 48.884078656036344]}";18;face 90;BOULEVARD DE LA CHAPELLE;24 h / 24
48.8977589087; 2.34164200768;"{""type"": ""Point"", ""coordinates"": [2.341642007680557, 48.89775890869896]}";18;9;BOULEVARD NEY;6 h - 22 h
48.893502449; 2.33689209089;"{""type"": ""Point"", ""coordinates"": [2.336892090886547, 48.89350244895922]}";18;face 154;RUE ORDENER;6 h - 22 h
48.899194262; 2.34396370204;"{""type"": ""Point"", ""coordinates"": [2.343963702043887, 48.89919426197595]}";18;15;AVENUE DE LA PORTE DE CLIGNANCOURT;6 h - 22 h
48.8806802415; 2.40040879932;"{""type"": ""Point"", ""coordinates"": [2.400408799321377, 48.88068024153816]}";19;;BOULEVARD D ALGERIE;6 h - 22 h
48.887235116; 2.37583653584;"{""type"": ""Point"", ""coordinates"": [2.375836535842065, 48.88723511603302]}";19;face 57;QUAI DE LA SEINE;6 h - 1 h
48.8857730297; 2.37036598805;"{""type"": ""Point"", ""coordinates"": [2.37036598804957, 48.88577302968561]}";19;25;AVENUE DE FLANDRE;24 h / 24
48.8886953619; 2.37392407329;"{""type"": ""Point"", ""coordinates"": [2.373924073285048, 48.888695361853834]}";19;69;AVENUE DE FLANDRE;24 h / 24
48.8778639152; 2.38125082319;"{""type"": ""Point"", ""coordinates"": [2.381250823187719, 48.87786391522245]}";19;3;RUE BOTZARIS;24 h / 24
48.8554039905; 2.40008152756;"{""type"": ""Point"", ""coordinates"": [2.400081527560205, 48.85540399050096]}";20;101;RUE ALEXANDRE DUMAS;6 h - 22 h
48.8482636473; 2.40003159415;"{""type"": ""Point"", ""coordinates"": [2.400031594154966, 48.84826364729009]}";20;9;COURS DE VINCENNES;6 h - 22 h
48.8557718796; 2.40991820214;"{""type"": ""Point"", ""coordinates"": [2.409918202136271, 48.85577187957395]}";20;;RUE DE LA CROIX SAINT SIMON;6 h - 22 h
48.852719661; 2.40898871152;"{""type"": ""Point"", ""coordinates"": [2.4089887115214133, 48.85271966099392]}";20;64;RUE DU VOLGA;6 h - 22 h
48.8641209728; 2.40898577792;"{""type"": ""Point"", ""coordinates"": [2.408985777918256, 48.86412097277738]}";20;6;PLACE DE LA PORTE DE BAGNOLET;24 h / 24
48.8705858922; 2.39820179353;"{""type"": ""Point"", ""coordinates"": [2.398201793526344, 48.87058589215593]}";20;157;RUE DE MENILMONTANT;6 h - 22 h
48.8600157102; 2.40102151007;"{""type"": ""Point"", ""coordinates"": [2.401021510074872, 48.860015710231416]}";20;171;RUE DES PYRENEES;6 h - 22 h
48.8598552359; 2.348837232;"{""type"": ""Point"", ""coordinates"": [2.348837231996497, 48.85985523591091]}";1;23;BOULEVARD DE SEBASTOPOL;24 h / 24
48.8580216455; 2.34737781833;"{""type"": ""Point"", ""coordinates"": [2.347377818331577, 48.858021645472014]}";1;2;RUE SAINT DENIS;24 h / 24
48.8623402992; 2.34220322324;"{""type"": ""Point"", ""coordinates"": [2.342203223237543, 48.862340299170015]}";1;44;RUE BERGER;6 h - 1 h
48.8636624932; 2.35096273778;"{""type"": ""Point"", ""coordinates"": [2.350962737779847, 48.86366249323445]}";2;69;BOULEVARD DE SEBASTOPOL;6 h - 22 h
48.8674378447; 2.34382098738;"{""type"": ""Point"", ""coordinates"": [2.343820987383387, 48.86743784465512]}";2;37;RUE DU LOUVRE;6 h - 22 h
48.8681621896; 2.34845002883;"{""type"": ""Point"", ""coordinates"": [2.348450028825485, 48.86816218964742]}";2;91;RUE D ABOUKIR;6 h - 22 h
48.8694083017; 2.35350208429;"{""type"": ""Point"", ""coordinates"": [2.353502084290691, 48.86940830167571]}";2;15;BOULEVARD SAINT DENIS;6 h - 22 h
48.8694908822; 2.33834576652;"{""type"": ""Point"", ""coordinates"": [2.338345766521215, 48.86949088217933]}";2;;RUE MENARS;6 h - 22 h
48.866017922; 2.3525443675;"{""type"": ""Point"", ""coordinates"": [2.352544367496988, 48.86601792203414]}";3;90;BOULEVARD DE SEBASTOPOL;6 h - 22 h
48.8635546297; 2.36630552167;"{""type"": ""Point"", ""coordinates"": [2.366305521668965, 48.86355462974816]}";3;07-sept;BOULEVARD DU TEMPLE;24 h / 24
48.8649756655; 2.36013286512;"{""type"": ""Point"", ""coordinates"": [2.360132865119649, 48.8649756655174]}";3;face 171;RUE DU TEMPLE;6 h - 22 h
48.8627443804; 2.35936485767;"{""type"": ""Point"", ""coordinates"": [2.359364857665695, 48.86274438040608]}";3;25;RUE PASTOURELLE;6 h - 22 h
48.8538120546; 2.34924320775;"{""type"": ""Point"", ""coordinates"": [2.349243207749814, 48.85381205460918]}";4;;RUE D ARCOLE;24 h / 24
48.846225219; 2.35487219277;"{""type"": ""Point"", ""coordinates"": [2.354872192769042, 48.84622521898682]}";5;4;RUE JUSSIEU;24 h / 24
48.8413080525; 2.35622468717;"{""type"": ""Point"", ""coordinates"": [2.356224687171632, 48.84130805247418]}";5;26;RUE BUFFON;6 h - 22 h
48.8416407744; 2.34869156688;"{""type"": ""Point"", ""coordinates"": [2.348691566881903, 48.8416407744238]}";5;8;RUE JEAN CALVIN;24 h / 24
48.8478120465; 2.34398782402;"{""type"": ""Point"", ""coordinates"": [2.343987824021736, 48.84781204647996]}";5;123;RUE SAINT JACQUES;6 h - 1 h
48.8379520924; 2.35118650653;"{""type"": ""Point"", ""coordinates"": [2.3511865065303432, 48.83795209241379]}";5;9;AVENUE DES GOBELINS;6 h - 1 h
48.8412025712; 2.33232860028;"{""type"": ""Point"", ""coordinates"": [2.332328600276936, 48.8412025712266]}";6;135bis;BOULEVARD DU MONTPARNASSE;6 h - 22 h
48.8513882825; 2.34280307367;"{""type"": ""Point"", ""coordinates"": [2.3428030736671053, 48.851388282463525]}";6;75;BOULEVARD SAINT GERMAIN;24 h / 24
48.8582136973; 2.29250251202;"{""type"": ""Point"", ""coordinates"": [2.292502512024777, 48.85821369726608]}";7;;QUAI BRANLY;24 h / 24
48.8543011743; 2.30508321089;"{""type"": ""Point"", ""coordinates"": [2.305083210894203, 48.85430117434956]}";7;2;PLACE JOFFRE;24 h / 24
48.8747742506; 2.30321065908;"{""type"": ""Point"", ""coordinates"": [2.30321065907809, 48.87477425058375]}";8;12;PLACE GEORGES GUILLAUMIN;24 h / 24
48.8725278384; 2.32653045058;"{""type"": ""Point"", ""coordinates"": [2.326530450583943, 48.87252783837434]}";8;;RUE VIGNON;24 h / 24
48.8688403461; 2.30122008396;"{""type"": ""Point"", ""coordinates"": [2.301220083956005, 48.86884034607284]}";8;32;AVENUE GEORGE V;6 h - 22 h
48.8743584041; 2.32045168942;"{""type"": ""Point"", ""coordinates"": [2.3204516894207, 48.874358404079125]}";8;44;BOULEVARD MALESHERBES;6 h - 22 h
48.8718385288; 2.36546558631;"{""type"": ""Point"", ""coordinates"": [2.365465586306066, 48.87183852882539]}";10;1;AVENUE RICHERAND;24 h / 24
48.876196047; 2.37218354181;"{""type"": ""Point"", ""coordinates"": [2.372183541812252, 48.87619604703509]}";10;61;BOULEVARD DE LA VILLETTE;24 h / 24
48.8757495125; 2.36046358018;"{""type"": ""Point"", ""coordinates"": [2.360463580181261, 48.87574951247397]}";10;;RUE DU FAUBOURG SAINT MARTIN;24 h / 24
48.8757753953; 2.35625135327;"{""type"": ""Point"", ""coordinates"": [2.356251353269756, 48.87577539533031]}";10;;RUE DU FAUBOURG SAINT DENIS;6 h - 22 h
48.8683953934; 2.3634091433;"{""type"": ""Point"", ""coordinates"": [2.3634091432953293, 48.86839539335952]}";10;12;PLACE DE LA REPUBLIQUE;24 h / 24
48.8541358706; 2.37766692086;"{""type"": ""Point"", ""coordinates"": [2.377666920861265, 48.85413587061923]}";11;125;AVENUE LEDRU ROLLIN;6 h - 1 h
48.859234607; 2.38912226664;"{""type"": ""Point"", ""coordinates"": [2.389122266636218, 48.85923460704497]}";11;opposé 13;BOULEVARD DE MENILMONTANT;6 h - 22 h
48.8648972177; 2.37608280409;"{""type"": ""Point"", ""coordinates"": [2.37608280408982, 48.86489721769716]}";11;58;AVENUE DE LA REPUBLIQUE;24 h / 24
48.86338089; 2.37103957683;"{""type"": ""Point"", ""coordinates"": [2.371039576831422, 48.863380890046976]}";11;face 48;BOULEVARD VOLTAIRE;6 h - 22 h
48.8570427775; 2.37935147554;"{""type"": ""Point"", ""coordinates"": [2.379351475541911, 48.85704277750876]}";11;face 170;AVENUE LEDRU ROLLIN;24 h / 24
48.8717292324; 2.3761963156;"{""type"": ""Point"", ""coordinates"": [2.37619631559805, 48.8717292323979]}";11;116;RUE DU FAUBOURG DU TEMPLE;24 h / 24
48.847134816; 2.38420732177;"{""type"": ""Point"", ""coordinates"": [2.384207321769167, 48.847134816025545]}";12;57;BOULEVARD DIDEROT;6 h - 22 h
48.8332259474; 2.4040143783;"{""type"": ""Point"", ""coordinates"": [2.40401437830226, 48.83322594735412]}";12;7;RUE JOSEPH CHAILLEY;6 h - 1 h
48.845288881; 2.3692517539;"{""type"": ""Point"", ""coordinates"": [2.3692517538974123, 48.84528888096303]}";12;4;BOULEVARD DIDEROT;6 h - 22 h
48.8474448003; 2.3954825438;"{""type"": ""Point"", ""coordinates"": [2.395482543798551, 48.84744480034343]}";12;opposé au 16;PLACE DE LA NATION;24 h / 24
48.8396213356; 2.37821862947;"{""type"": ""Point"", ""coordinates"": [2.378218629470113, 48.83962133557301]}";12;12;BOULEVARD DE BERCY;24 h / 24
48.8297799548; 2.36896816751;"{""type"": ""Point"", ""coordinates"": [2.368968167510454, 48.82977995480669]}";13;26;PLACE JEANNE D ARC;24 h / 24
48.8280565621; 2.35653249546;"{""type"": ""Point"", ""coordinates"": [2.356532495455818, 48.828056562116274]}";13;46;AVENUE D ITALIE;6 h - 22 h
48.8327135265; 2.36158054833;"{""type"": ""Point"", ""coordinates"": [2.361580548327621, 48.8327135265497]}";13;151;BOULEVARD VINCENT AURIOL;6 h - 22 h
48.8430740443; 2.36433399581;"{""type"": ""Point"", ""coordinates"": [2.364333995814195, 48.84307404434087]}";13;3;BOULEVARD DE L HOPITAL;24 h / 24
48.8195836923; 2.36398233556;"{""type"": ""Point"", ""coordinates"": [2.363982335555626, 48.81958369228549]}";13;117;BOULEVARD MASSENA;24 h / 24
48.8189867194; 2.34433502149;"{""type"": ""Point"", ""coordinates"": [2.344335021485223, 48.81898671943687]}";14;2;BOULEVARD JOURDAN;6 h - 22 h
48.8245410206; 2.33948840256;"{""type"": ""Point"", ""coordinates"": [2.339488402556159, 48.82454102064576]}";14;face 30;AVENUE REILLE;24 h / 24
48.831657966; 2.32017895944;"{""type"": ""Point"", ""coordinates"": [2.320178959442557, 48.83165796601526]}";14;face 36;RUE DIDOT;24 h / 24
48.8252447717; 2.31580729655;"{""type"": ""Point"", ""coordinates"": [2.315807296545839, 48.82524477168962]}";14;82;BOULEVARD BRUNE;6 h - 22 h
48.8226298504; 2.32885652026;"{""type"": ""Point"", ""coordinates"": [2.328856520257, 48.822629850444294]}";14;70;BOULEVARD JOURDAN;6 h - 22 h
48.8279445001; 2.305654036;"{""type"": ""Point"", ""coordinates"": [2.305654035996627, 48.82794450006662]}";14;face 231;RUE RAYMOND LOSSERAND;6 h - 22 h
48.8312560816; 2.31610939765;"{""type"": ""Point"", ""coordinates"": [2.3161093976509513, 48.83125608158948]}";14;189;RUE D ALESIA;24 h / 24
48.8325740517; 2.31141918096;"{""type"": ""Point"", ""coordinates"": [2.311419180963207, 48.83257405172335]}";14;147;RUE VERCINGETORIX;6 h - 22 h
48.8282841151; 2.30336605485;"{""type"": ""Point"", ""coordinates"": [2.303366054846169, 48.82828411508565]}";15;185;BOULEVARD LEFEBVRE;6 h - 22 h
48.8309615645; 2.29183408716;"{""type"": ""Point"", ""coordinates"": [2.291834087155501, 48.830961564502616]}";15;face 57;BOULEVARD LEFEBVRE;6 h - 22 h
48.8399779407; 2.32141091703;"{""type"": ""Point"", ""coordinates"": [2.321410917034976, 48.83997794074987]}";15;4;RUE DU COMMANDANT RENE MOUCHOTTE;24 h / 24
48.8460231192; 2.30890949564;"{""type"": ""Point"", ""coordinates"": [2.308909495642407, 48.84602311922872]}";15;;AVENUE DE SUFFREN;6 h - 22 h
48.8319295622; 2.30273348541;"{""type"": ""Point"", ""coordinates"": [2.302733485407442, 48.831929562242436]}";15;76;RUE BRANCION;6 h - 22 h
48.8390921089; 2.28255646788;"{""type"": ""Point"", ""coordinates"": [2.282556467883781, 48.839092108943134]}";15;face 170;RUE DE LOURMEL;6 h - 22 h
48.8392330434; 2.30633269023;"{""type"": ""Point"", ""coordinates"": [2.306332690229286, 48.839233043389605]}";15;face 7;RUE LA QUINTINIE;24 h / 24
48.8453782111; 2.29218246244;"{""type"": ""Point"", ""coordinates"": [2.292182462442717, 48.845378211146034]}";15;face 5;PLACE DU COMMERCE;6 h - 22 h
48.8555327403; 2.2898684072;"{""type"": ""Point"", ""coordinates"": [2.289868407196165, 48.85553274027016]}";15;;QUAI BRANLY;24 h / 24
48.8754279615; 2.27958777194;"{""type"": ""Point"", ""coordinates"": [2.279587771936101, 48.875427961532246]}";16;opposé 39;BOULEVARD DE L AMIRAL BRUIX;6 h - 22 h
48.8508303988; 2.27789099265;"{""type"": ""Point"", ""coordinates"": [2.277890992653795, 48.85083039880586]}";16;9;QUAI LOUIS BLERIOT;6 h - 22 h
48.8683025332; 2.29374015525;"{""type"": ""Point"", ""coordinates"": [2.293740155247112, 48.86830253315825]}";16;face 12;PLACE DES ETATS UNIS;6 h - 22 h
48.895835561; 2.32804076739;"{""type"": ""Point"", ""coordinates"": [2.328040767386878, 48.89583556102396]}";17;2;RUE JACQUES KELLNER;6 h - 22 h
48.8919370861; 2.32718400877;"{""type"": ""Point"", ""coordinates"": [2.32718400877257, 48.89193708606627]}";18;74;AVENUE DE SAINT OUEN;6 h - 22 h
48.8917888229; 2.33522147941;"{""type"": ""Point"", ""coordinates"": [2.335221479410981, 48.89178882290952]}";18;2;RUE MONTCALM;6 h - 22 h
48.884205159; 2.35515147711;"{""type"": ""Point"", ""coordinates"": [2.355151477107851, 48.884205159008594]}";18;60;BOULEVARD DE LA CHAPELLE;6 h - 1 h
48.896429138; 2.3346274324;"{""type"": ""Point"", ""coordinates"": [2.334627432395322, 48.89642913802921]}";18;face 36;RUE LEIBNIZ;6 h - 22 h
48.8993882119; 2.34445799674;"{""type"": ""Point"", ""coordinates"": [2.344457996741505, 48.89938821193774]}";18;11;RUE FRANCIS DE CROISSET;6 h - 22 h
48.901133035; 2.34444160503;"{""type"": ""Point"", ""coordinates"": [2.344441605025125, 48.9011330349834]}";18;;AVENUE DE LA PORTE DE CLIGNANCOURT;6 h - 22 h
48.8842570173; 2.3673810476;"{""type"": ""Point"", ""coordinates"": [2.367381047597127, 48.8842570173169]}";19;220;BOULEVARD DE LA VILLETTE;6 h - 22 h
48.883028778; 2.38142198169;"{""type"": ""Point"", ""coordinates"": [2.381421981691285, 48.883028778035325]}";19;face 5;AVENUE DE LAUMIERE;6 h - 22 h
48.8835019891; 2.38345050145;"{""type"": ""Point"", ""coordinates"": [2.383450501448052, 48.88350198906857]}";19;14;RUE MEYNADIER;6 h - 22 h
48.8989748409; 2.38677478261;"{""type"": ""Point"", ""coordinates"": [2.38677478261204, 48.898974840867325]}";19;9;AVENUE DE LA PORTE DE LA VILLETTE;24 h / 24
48.8762331619; 2.38054129019;"{""type"": ""Point"", ""coordinates"": [2.38054129018795, 48.876233161862956]}";19;face 45;AVENUE SIMON BOLIVAR;24 h / 24
48.8715541615; 2.4021401807;"{""type"": ""Point"", ""coordinates"": [2.402140180700758, 48.87155416154086]}";20;24;RUE SAINT FARGEAU;6 h - 22 h
48.8533162776; 2.40925809907;"{""type"": ""Point"", ""coordinates"": [2.409258099065467, 48.853316277575715]}";20;131;RUE D AVRON;6 h - 22 h
48.8662840548; 2.3897774464;"{""type"": ""Point"", ""coordinates"": [2.389777446404965, 48.86628405480152]}";20;72;RUE DES AMANDIERS;6 h - 22 h
48.871931094; 2.3920523226;"{""type"": ""Point"", ""coordinates"": [2.392052322599437, 48.8719310939533]}";20;296;RUE DES PYRENEES;6 h - 22 h
48.8759443207; 2.40698934293;"{""type"": ""Point"", ""coordinates"": [2.40698934293179, 48.87594432074237]}";20;;BOULEVARD MORTIER;24 h / 24
48.863547401; 2.34247230415;"{""type"": ""Point"", ""coordinates"": [2.342472304145377, 48.86354740100726]}";1;9;RUE COQUILLIERE;6 h - 1 h
48.8579704354; 2.34653567272;"{""type"": ""Point"", ""coordinates"": [2.346535672716451, 48.85797043543068]}";1;17;AVENUE VICTORIA;24 h / 24
48.8600598633; 2.36070068743;"{""type"": ""Point"", ""coordinates"": [2.360700687430824, 48.86005986333013]}";3;2;RUE DES QUATRE FILS;6 h - 22 h
48.85415067; 2.35602360649;"{""type"": ""Point"", ""coordinates"": [2.35602360649244, 48.85415067004832]}";4;;QUAI DE L HOTEL DE VILLE;24 h / 24
48.8476830944; 2.3279690909;"{""type"": ""Point"", ""coordinates"": [2.3279690908977653, 48.84768309439912]}";6;85;BOULEVARD RASPAIL;6 h - 22 h
48.8694709544; 2.31276020043;"{""type"": ""Point"", ""coordinates"": [2.31276020043019, 48.86947095440106]}";8;opposé au 44;AVENUE GABRIEL;24 h / 24
48.8773676992; 2.37097100542;"{""type"": ""Point"", ""coordinates"": [2.370971005417437, 48.877367699186436]}";10;118;BOULEVARD DE LA VILLETTE;6 h - 22 h
48.8770143095; 2.36399050058;"{""type"": ""Point"", ""coordinates"": [2.363990500584436, 48.87701430954486]}";10;;RUE ROBERT BLACHE;6 h - 1 h
48.8781474157; 2.3616456863;"{""type"": ""Point"", ""coordinates"": [2.361645686297735, 48.87814741574719]}";10;face 182;RUE DU FAUBOURG SAINT MARTIN;6 h - 1 h
48.8745920335; 2.36273382814;"{""type"": ""Point"", ""coordinates"": [2.362733828139361, 48.87459203348893]}";10;105;QUAI DE VALMY;6 h - 22 h
48.8700278994; 2.36659750587;"{""type"": ""Point"", ""coordinates"": [2.366597505870816, 48.87002789940877]}";10;face 50;QUAI DE JEMMAPES;24 h / 24
48.8680291958; 2.36532029262;"{""type"": ""Point"", ""coordinates"": [2.365320292619293, 48.868029195806606]}";10;;RUE DU FAUBOURG DU TEMPLE;24 h / 24
48.8539831723; 2.36970018791;"{""type"": ""Point"", ""coordinates"": [2.369700187908606, 48.853983172309]}";11;face 4;BOULEVARD RICHARD LENOIR;24 h / 24
48.8532924467; 2.38788033428;"{""type"": ""Point"", ""coordinates"": [2.387880334276553, 48.853292446707854]}";11;195;BOULEVARD VOLTAIRE;6 h - 22 h
48.8495778168; 2.39630211203;"{""type"": ""Point"", ""coordinates"": [2.396302112025293, 48.849577816842455]}";11;2;AVENUE DE BOUVINES;24 h / 24
48.8588174968; 2.3893212175;"{""type"": ""Point"", ""coordinates"": [2.389321217499664, 48.85881749681137]}";11;face au 7;BOULEVARD DE MENILMONTANT;6 h - 22 h
48.8623006181; 2.37905139141;"{""type"": ""Point"", ""coordinates"": [2.379051391411305, 48.86230061809509]}";11;face 28;RUE DU GENERAL GUILHEM;6 h - 1 h
48.8617407569; 2.37266335235;"{""type"": ""Point"", ""coordinates"": [2.372663352349816, 48.86174075690268]}";11;face 86;BOULEVARD RICHARD LENOIR;24 h / 24
48.8656969801; 2.38095859967;"{""type"": ""Point"", ""coordinates"": [2.3809585996675793, 48.865696980133585]}";11;18;AVENUE JEAN AICARD;6 h - 1 h
48.864242083; 2.37952312143;"{""type"": ""Point"", ""coordinates"": [2.379523121425746, 48.86424208301803]}";11;82;AVENUE DE LA REPUBLIQUE;6 h - 1 h
48.8504315681; 2.38403796052;"{""type"": ""Point"", ""coordinates"": [2.384037960521688, 48.850431568087686]}";11;3;RUE DE MONTREUIL;6 h - 22 h
48.8495804477; 2.39366320703;"{""type"": ""Point"", ""coordinates"": [2.393663207033468, 48.84958044774374]}";11;282;BOULEVARD VOLTAIRE;6 h - 22 h
48.8658415599; 2.36937734153;"{""type"": ""Point"", ""coordinates"": [2.369377341527092, 48.865841559900986]}";11;123;BOULEVARD RICHARD LENOIR;24 h / 24
48.8404563216; 2.40466278548;"{""type"": ""Point"", ""coordinates"": [2.404662785475507, 48.84045632156455]}";12;124;AVENUE DU GENERAL MICHEL BIZOT;6 h - 22 h
48.8405254287; 2.39204037215;"{""type"": ""Point"", ""coordinates"": [2.392040372150276, 48.84052542865816]}";12;179;AVENUE DAUMESNIL;6 h - 22 h
48.844093329; 2.41126547446;"{""type"": ""Point"", ""coordinates"": [2.411265474461863, 48.84409332903893]}";12;6;AVENUE COURTELINE;6 h - 22 h
48.8455922991; 2.384916432;"{""type"": ""Point"", ""coordinates"": [2.384916431999134, 48.845592299131866]}";12;18;RUE ERARD;6 h - 22 h
48.8474515056; 2.37177589009;"{""type"": ""Point"", ""coordinates"": [2.371775890088081, 48.8474515056147]}";12;8;RUE DE LYON;6 h - 1 h
48.8348054392; 2.35780584951;"{""type"": ""Point"", ""coordinates"": [2.357805849511769, 48.834805439179675]}";13;126;BOULEVARD DE L HOPITAL;6 h - 22 h
48.8337173082; 2.36512630736;"{""type"": ""Point"", ""coordinates"": [2.365126307361793, 48.83371730817121]}";13;117;BOULEVARD VINCENT AURIOL;6 h - 22 h
48.8240656789; 2.35309546711;"{""type"": ""Point"", ""coordinates"": [2.353095467114704, 48.8240656789348]}";13;4;PLACE ABBE GEORGES HENOCQUE;6 h - 22 h
48.8268991047; 2.35132877867;"{""type"": ""Point"", ""coordinates"": [2.3513287786665, 48.8268991047308]}";13;4;RUE MARTIN BERNARD;24 h / 24
48.8349615547; 2.34636990605;"{""type"": ""Point"", ""coordinates"": [2.346369906052794, 48.83496155467825]}";13;;BOULEVARD ARAGO;6 h - 22 h
48.8238450194; 2.31818116624;"{""type"": ""Point"", ""coordinates"": [2.318181166243506, 48.823845019436696]}";14;opposé au 8;AVENUE DE LA PORTE DE CHATILLON;6 h - 22 h
48.825507787; 2.30413873243;"{""type"": ""Point"", ""coordinates"": [2.304138732430122, 48.82550778700855]}";14;18;AVENUE DE LA PORTE DE VANVES;6 h - 22 h
48.8348792304; 2.32414276007;"{""type"": ""Point"", ""coordinates"": [2.324142760072422, 48.83487923037213]}";14;131;AVENUE DU MAINE;6 h - 22 h
48.8428648453; 2.29781054036;"{""type"": ""Point"", ""coordinates"": [2.297810540363732, 48.84286484525702]}";15;face 19;RUE LEON LHERMITTE;6 h - 22 h
48.8465506878; 2.28477482095;"{""type"": ""Point"", ""coordinates"": [2.284774820948416, 48.84655068777487]}";15;65;AVENUE EMILE ZOLA;6 h - 1 h
48.8455266144; 2.30189793713;"{""type"": ""Point"", ""coordinates"": [2.30189793713342, 48.84552661441673]}";15;38;RUE CAMBRONNE;6 h - 22 h
48.8478417928; 2.30207203653;"{""type"": ""Point"", ""coordinates"": [2.302072036529616, 48.84784179283768]}";15;;BOULEVARD GARIBALDI;6 h - 22 h
48.8491847075; 2.30356403712;"{""type"": ""Point"", ""coordinates"": [2.303564037123816, 48.8491847075324]}";15;25;AVENUE DE LOWENDAL;6 h - 22 h
48.8572621108; 2.29110456267;"{""type"": ""Point"", ""coordinates"": [2.291104562668087, 48.8572621108294]}";15;73;QUAI BRANLY;24 h / 24
48.8483316189; 2.26053361093;"{""type"": ""Point"", ""coordinates"": [2.260533610934559, 48.8483316189443]}";16;101;BOULEVARD DE MONTMORENCY;6 h - 22 h
48.851292682; 2.27548876659;"{""type"": ""Point"", ""coordinates"": [2.275488766587515, 48.85129268201854]}";16;22;RUE GROS;6 h - 22 h
48.8484437891; 2.25717759424;"{""type"": ""Point"", ""coordinates"": [2.25717759424425, 48.84844378909375]}";16;;PLACE DE LA PORTE D AUTEUIL;24 h / 24
48.8422349218; 2.25617823875;"{""type"": ""Point"", ""coordinates"": [2.25617823875352, 48.84223492180608]}";16;;BOULEVARD MURAT;6 h - 22 h
48.8571927967; 2.26669903431;"{""type"": ""Point"", ""coordinates"": [2.266699034313543, 48.857192796689]}";16;face 38;AVENUE RAPHAEL;24 h / 24
48.8888826761; 2.29757004372;"{""type"": ""Point"", ""coordinates"": [2.29757004371774, 48.888882676103464]}";17;face 1;AVENUE EMILE ET ARMAND MASSARD;6 h - 22 h
48.8884709682; 2.31581150544;"{""type"": ""Point"", ""coordinates"": [2.315811505441223, 48.88847096823836]}";17;;PLACE CHARLES FILLION;24 h / 24
48.8769298905; 2.28595031112;"{""type"": ""Point"", ""coordinates"": [2.285950311120399, 48.8769298904705]}";17;64;AVENUE DE LA GRANDE ARMEE;6 h - 22 h
48.8811175902; 2.28297085554;"{""type"": ""Point"", ""coordinates"": [2.282970855541264, 48.88111759021972]}";17;7;AVENUE DE LA PORTE DES TERNES;6 h - 22 h
48.8894228236; 2.31886670308;"{""type"": ""Point"", ""coordinates"": [2.318866703076726, 48.88942282364005]}";17;96ter;RUE LEMERCIER;6 h - 22 h
48.8963596175; 2.3530164563;"{""type"": ""Point"", ""coordinates"": [2.353016456301597, 48.89635961750966]}";18;138;RUE DES POISSONNIERS;6 h - 22 h
48.8859575419; 2.35627051467;"{""type"": ""Point"", ""coordinates"": [2.356270514670972, 48.88595754194372]}";18;1;RUE SAINT BRUNO;24 h / 24
48.8950895579; 2.35883888856;"{""type"": ""Point"", ""coordinates"": [2.358838888560636, 48.895089557914645]}";18;57;RUE DE LA CHAPELLE;6 h - 22 h
48.884644912; 2.35909848088;"{""type"": ""Point"", ""coordinates"": [2.35909848087648, 48.88464491202468]}";18;;PLACE DE LA CHAPELLE;6 h - 22 h
48.882567343; 2.33677389228;"{""type"": ""Point"", ""coordinates"": [2.336773892278157, 48.88256734295447]}";18;face 34;BOULEVARD DE CLICHY;24 h / 24
48.8933841338; 2.36985563312;"{""type"": ""Point"", ""coordinates"": [2.369855633117845, 48.89338413377642]}";19;154;RUE D AUBERVILLIERS;6 h - 22 h
48.8954953474; 2.37896296772;"{""type"": ""Point"", ""coordinates"": [2.378962967718832, 48.89549534741361]}";19;7;RUE DE CAMBRAI;6 h - 22 h
48.8894777633; 2.38070265061;"{""type"": ""Point"", ""coordinates"": [2.380702650607976, 48.889477763342]}";19;2;RUE DE JOINVILLE;6 h - 22 h
48.894741052; 2.38202690388;"{""type"": ""Point"", ""coordinates"": [2.382026903875655, 48.89474105195624]}";19;177;AVENUE DE FLANDRE;6 h - 22 h
48.8889514414; 2.39309576671;"{""type"": ""Point"", ""coordinates"": [2.393095766711883, 48.8889514413928]}";19;213;AVENUE JEAN JAURES;24 h / 24
48.8793838919; 2.38442043788;"{""type"": ""Point"", ""coordinates"": [2.384420437881086, 48.879383891938495]}";19;;RUE BOTZARIS;24 h / 24
48.8491004469; 2.40258392612;"{""type"": ""Point"", ""coordinates"": [2.40258392612078, 48.84910044694497]}";20;1;RUE DE BUZENVAL;6 h - 22 h
48.8683430107; 2.38189800131;"{""type"": ""Point"", ""coordinates"": [2.381898001311502, 48.86834301072907]}";20;34;BOULEVARD DE BELLEVILLE;6 h - 22 h
48.8547611226; 2.39595517104;"{""type"": ""Point"", ""coordinates"": [2.395955171043603, 48.85476112263232]}";20;118;BOULEVARD DE CHARONNE;6 h - 22 h
48.8538097072; 2.41151638615;"{""type"": ""Point"", ""coordinates"": [2.411516386149459, 48.85380970720609]}";20;6;AVENUE DE LA PORTE DE MONTREUIL;6 h - 22 h
48.8648794077; 2.40077805546;"{""type"": ""Point"", ""coordinates"": [2.400778055461638, 48.86487940765236]}";20;face 12;RUE BELGRAND;6 h - 22 h
48.8623131813; 2.35020308502;"{""type"": ""Point"", ""coordinates"": [2.350203085019233, 48.86231318125602]}";1;55;BOULEVARD DE SEBASTOPOL;6 h - 22 h
48.8683443637; 2.35014625048;"{""type"": ""Point"", ""coordinates"": [2.350146250477204, 48.86834436372816]}";2;face 31;RUE D ALEXANDRIE;6 h - 22 h
48.8712998867; 2.34365407443;"{""type"": ""Point"", ""coordinates"": [2.343654074431694, 48.87129988674203]}";2;27;BOULEVARD POISSONNIERE;24 h / 24
48.8611231272; 2.36703242245;"{""type"": ""Point"", ""coordinates"": [2.367032422454014, 48.86112312715206]}";3;1;BOULEVARD DES FILLES DU CALVAIRE;24 h / 24
48.8630936107; 2.35271771746;"{""type"": ""Point"", ""coordinates"": [2.3527177174595533, 48.86309361074665]}";3;face 34;RUE DU GRENIER SAINT LAZARE;6 h - 22 h
48.8655035113; 2.3522490913;"{""type"": ""Point"", ""coordinates"": [2.352249091304387, 48.86550351132711]}";3;82;BOULEVARD DE SEBASTOPOL;6 h - 22 h
48.8615373524; 2.35003085158;"{""type"": ""Point"", ""coordinates"": [2.350030851579704, 48.861537352354155]}";4;36;BOULEVARD DE SEBASTOPOL;24 h / 24
48.8374184706; 2.35354364655;"{""type"": ""Point"", ""coordinates"": [2.353543646549931, 48.837418470611134]}";5;78;BOULEVARD SAINT MARCEL;6 h - 1 h
48.8443966009; 2.36039470127;"{""type"": ""Point"", ""coordinates"": [2.3603947012655633, 48.84439660085208]}";5;;RUE CUVIER;6 h - 22 h
48.8625217068; 2.30105587551;"{""type"": ""Point"", ""coordinates"": [2.301055875508433, 48.862521706803186]}";7;;QUAI BRANLY;24 h / 24
48.8792272013; 2.30402816181;"{""type"": ""Point"", ""coordinates"": [2.304028161813934, 48.879227201269316]}";8;51;BOULEVARD DE COURCELLES;6 h - 22 h
48.8776056478; 2.32703687989;"{""type"": ""Point"", ""coordinates"": [2.327036879889135, 48.87760564781868]}";9;21;RUE D AMSTERDAM;24 h / 24
48.8767420817; 2.34685265093;"{""type"": ""Point"", ""coordinates"": [2.346852650930034, 48.876742081672425]}";9;79bis;RUE LA FAYETTE;6 h - 22 h
48.8827090841; 2.34349779975;"{""type"": ""Point"", ""coordinates"": [2.343497799750825, 48.882709084097776]}";9;45;BOULEVARD DE ROCHECHOUART;24 h / 24
48.8826756157; 2.34334023734;"{""type"": ""Point"", ""coordinates"": [2.343340237341333, 48.88267561567267]}";9;45;BOULEVARD DE ROCHECHOUART;24 h / 24
48.8725811844; 2.36407391372;"{""type"": ""Point"", ""coordinates"": [2.364073913719815, 48.87258118442669]}";10;face 81;QUAI DE VALMY;24 h / 24
48.8710936949; 2.36098427062;"{""type"": ""Point"", ""coordinates"": [2.360984270621871, 48.87109369490657]}";10;8;PLACE JACQUES BONSERGENT;24 h / 24
48.8683459405; 2.36077777293;"{""type"": ""Point"", ""coordinates"": [2.360777772931905, 48.86834594045781]}";10;40;RUE RENE BOULANGER;24 h / 24
48.8801634262; 2.36731781779;"{""type"": ""Point"", ""coordinates"": [2.36731781779473, 48.88016342623018]}";10;179;QUAI DE VALMY;6 h - 1 h
48.8818143971; 2.35323834994;"{""type"": ""Point"", ""coordinates"": [2.353238349935884, 48.88181439707224]}";10;3;RUE AMBROISE PARE;6 h - 22 h
48.8749245669; 2.36364970349;"{""type"": ""Point"", ""coordinates"": [2.363649703485263, 48.874924566910394]}";10;116;QUAI DE JEMMAPES;24 h / 24
48.8571881529; 2.38095648432;"{""type"": ""Point"", ""coordinates"": [2.38095648432243, 48.85718815288686]}";11;face 113;BOULEVARD VOLTAIRE;6 h - 22 h
48.8556437616; 2.38355339048;"{""type"": ""Point"", ""coordinates"": [2.383553390481581, 48.85564376160197]}";11;164;BOULEVARD VOLTAIRE;6 h - 22 h
48.8583131762; 2.3802426629;"{""type"": ""Point"", ""coordinates"": [2.380242662897039, 48.858313176216946]}";11;8;PLACE LEON BLUM;6 h - 22 h
48.857493703; 2.39245136818;"{""type"": ""Point"", ""coordinates"": [2.39245136817969, 48.85749370300114]}";11;133;BOULEVARD DE CHARONNE;6 h - 22 h
48.8347382889; 2.39353336243;"{""type"": ""Point"", ""coordinates"": [2.393533362429245, 48.834738288903424]}";12;283;RUE DE CHARENTON;6 h - 1 h
48.846008596; 2.36702780699;"{""type"": ""Point"", ""coordinates"": [2.367027806987362, 48.84600859600016]}";12;face 98;QUAI DE LA RAPEE;24 h / 24
48.8389404079; 2.38957294205;"{""type"": ""Point"", ""coordinates"": [2.389572942053018, 48.838940407882085]}";12;face 1;BOULEVARD DE REUILLY;6 h - 22 h
48.8268340661; 2.36458137343;"{""type"": ""Point"", ""coordinates"": [2.36458137343469, 48.82683406611014]}";13;90;RUE DE TOLBIAC;6 h - 1 h
48.8379115964; 2.35564596848;"{""type"": ""Point"", ""coordinates"": [2.355645968484056, 48.83791159635166]}";13;53;BOULEVARD SAINT MARCEL;6 h - 22 h
48.8212404052; 2.36901388481;"{""type"": ""Point"", ""coordinates"": [2.36901388481276, 48.821240405188334]}";13;1;RUE EMILE LEVASSOR;6 h - 22 h
48.8239434465; 2.35812679931;"{""type"": ""Point"", ""coordinates"": [2.3581267993132933, 48.823943446546174]}";13;87;AVENUE D ITALIE;6 h - 22 h
48.8325839304; 2.35616417308;"{""type"": ""Point"", ""coordinates"": [2.356164173084526, 48.83258393044239]}";13;146;BOULEVARD DE L HOPITAL;6 h - 22 h
48.8256858886; 2.31505362284;"{""type"": ""Point"", ""coordinates"": [2.3150536228400043, 48.82568588864026]}";14;103;BOULEVARD BRUNE;6 h - 22 h
48.8256936083; 2.32627447599;"{""type"": ""Point"", ""coordinates"": [2.326274475985862, 48.82569360827836]}";14;103;AVENUE DU GENERAL LECLERC;24 h / 24
48.8303689517; 2.33383417366;"{""type"": ""Point"", ""coordinates"": [2.333834173657767, 48.83036895168585]}";14;face 14;AVENUE RENE COTY;6 h - 22 h
48.8323424466; 2.33094074871;"{""type"": ""Point"", ""coordinates"": [2.330940748714382, 48.83234244659916]}";14;face 18;AVENUE DU GENERAL LECLERC;6 h - 1 h
48.826231662; 2.30534375195;"{""type"": ""Point"", ""coordinates"": [2.3053437519529902, 48.82623166198629]}";14;3;RUE MAURICE NOGUES;6 h - 22 h
48.8348104903; 2.33211877111;"{""type"": ""Point"", ""coordinates"": [2.33211877111069, 48.83481049030485]}";14;face 297;BOULEVARD RASPAIL;6 h - 22 h
48.8289648283; 2.32797958689;"{""type"": ""Point"", ""coordinates"": [2.327979586892138, 48.82896482825721]}";14;63;AVENUE DU GENERAL LECLERC;24 h / 24
48.8330150787; 2.33118702288;"{""type"": ""Point"", ""coordinates"": [2.331187022876229, 48.83301507872575]}";14;10;AVENUE DU GENERAL LECLERC;24 h / 24
48.8371892955; 2.29680197246;"{""type"": ""Point"", ""coordinates"": [2.296801972456392, 48.8371892954799]}";15;face 200;RUE DE LA CONVENTION;24 h / 24
48.8409059865; 2.30028097537;"{""type"": ""Point"", ""coordinates"": [2.300280975367988, 48.840905986487215]}";15;92-102;RUE BLOMET;6 h - 22 h
48.8364136137; 2.30982319251;"{""type"": ""Point"", ""coordinates"": [2.309823192514288, 48.83641361370931]}";15;68;RUE DE LA PROCESSION;6 h - 22 h
48.8331257229; 2.29949868476;"{""type"": ""Point"", ""coordinates"": [2.299498684763735, 48.83312572286447]}";15;face 41;RUE DES MORILLONS;6 h - 22 h
48.8362409445; 2.28169181419;"{""type"": ""Point"", ""coordinates"": [2.281691814186769, 48.836240944466894]}";15;364;RUE LECOURBE;6 h - 22 h
48.8398553776; 2.26307813413;"{""type"": ""Point"", ""coordinates"": [2.263078134130255, 48.83985537755949]}";16;170;AVENUE DE VERSAILLES;6 h - 22 h
48.8476823115; 2.27363259839;"{""type"": ""Point"", ""coordinates"": [2.273632598392679, 48.84768231151831]}";16;2;PLACE DE BARCELONE;6 h - 22 h
48.8749477124; 2.29569743574;"{""type"": ""Point"", ""coordinates"": [2.295697435741605, 48.87494771236849]}";17;face 2;AVENUE DE WAGRAM;24 h / 24
48.8856593152; 2.32634362788;"{""type"": ""Point"", ""coordinates"": [2.32634362787954, 48.88565931521443]}";17;25;AVENUE DE CLICHY;6 h - 22 h
48.8908073507; 2.31967009491;"{""type"": ""Point"", ""coordinates"": [2.319670094910733, 48.89080735065565]}";17;135;AVENUE DE CLICHY;6 h - 22 h
48.8875400487; 2.29436414579;"{""type"": ""Point"", ""coordinates"": [2.294364145789265, 48.887540048720794]}";17;face 1;AVENUE STEPHANE MALLARME;6 h - 22 h
48.8914363932; 2.34974114956;"{""type"": ""Point"", ""coordinates"": [2.349741149556916, 48.8914363931723]}";18;96;BOULEVARD BARBES;24 h / 24
48.8850281386; 2.35486399619;"{""type"": ""Point"", ""coordinates"": [2.354863996189523, 48.88502813860903]}";18;3;RUE DE LA GOUTTE D OR;6 h - 22 h
48.9005931845; 2.33510623427;"{""type"": ""Point"", ""coordinates"": [2.335106234266122, 48.90059318452267]}";18;;RUE GERARD DE NERVAL;6 h - 22 h
48.8992899143; 2.34053038252;"{""type"": ""Point"", ""coordinates"": [2.340530382520372, 48.899289914259896]}";18;opposé au 17;RUE RENE BINET;24 h / 24
48.888224506; 2.32593610572;"{""type"": ""Point"", ""coordinates"": [2.3259361057243852, 48.888224506014396]}";18;16;AVENUE DE SAINT OUEN;6 h - 22 h
48.8904544454; 2.35460972095;"{""type"": ""Point"", ""coordinates"": [2.354609720946905, 48.89045444544563]}";18;29;RUE ERNESTINE;6 h - 22 h
48.8965489204; 2.33826967804;"{""type"": ""Point"", ""coordinates"": [2.338269678043939, 48.896548920424664]}";18;135;RUE DAMREMONT;24 h / 24
48.8990168529; 2.33769098113;"{""type"": ""Point"", ""coordinates"": [2.337690981134792, 48.89901685289973]}";18;face 3;RUE MARCEL SEMBAT;24 h / 24
48.8844921121; 2.3446622105;"{""type"": ""Point"", ""coordinates"": [2.34466221049979, 48.884492112110436]}";18;face 3;PLACE SAINT PIERRE;24 h / 24
48.8881820312; 2.37374993518;"{""type"": ""Point"", ""coordinates"": [2.373749935176992, 48.88818203121584]}";19;58;AVENUE DE FLANDRE;6 h - 22 h
48.877068392; 2.39255357281;"{""type"": ""Point"", ""coordinates"": [2.392553572814836, 48.87706839202013]}";19;;RUE DES FETES;6 h - 22 h
48.8786193513; 2.37826222864;"{""type"": ""Point"", ""coordinates"": [2.3782622286373343, 48.87861935126562]}";19;29;RUE MANIN;24 h / 24
48.8865972849; 2.37715913191;"{""type"": ""Point"", ""coordinates"": [2.377159131908337, 48.886597284893035]}";19;68;QUAI DE LA LOIRE;6 h - 22 h
48.8838976231; 2.39785967871;"{""type"": ""Point"", ""coordinates"": [2.397859678709474, 48.883897623110094]}";19;;AVENUE DE LA PORTE BRUNET;6 h - 22 h
48.8855238884; 2.38101490179;"{""type"": ""Point"", ""coordinates"": [2.3810149017940683, 48.885523888404094]}";19;face 107;AVENUE JEAN JAURES;6 h - 22 h
48.8822137261; 2.37033634348;"{""type"": ""Point"", ""coordinates"": [2.370336343480127, 48.88221372613072]}";19;face 196;BOULEVARD DE LA VILLETTE;24 h / 24
48.8858032513; 2.37584765205;"{""type"": ""Point"", ""coordinates"": [2.375847652046841, 48.8858032513043]}";19;52;QUAI DE LA LOIRE;24 h / 24
48.8736801872; 2.38975171918;"{""type"": ""Point"", ""coordinates"": [2.3897517191777142, 48.873680187170365]}";20;face 375;RUE DES PYRENEES;6 h - 1 h
48.8544550261; 2.41224737255;"{""type"": ""Point"", ""coordinates"": [2.412247372551213, 48.85445502610536]}";20;face 3;RUE DES DOCTEURS DEJERINE;6 h - 1 h
48.8649204146; 2.39982370311;"{""type"": ""Point"", ""coordinates"": [2.399823703110033, 48.864920414619895]}";20;1;RUE BELGRAND;24 h / 24
