 1.3885879029;43.5817755341;Place des Pradettes;Oui;;;;1
 1.45918784291;43.5794762154;avenue Albert Bedouce;Oui;;;;1
 1.41860397024;43.5916747299;5 Place Emile Male;Oui;;;;1
 1.453636584;43.608876893;allée Jean Jaurès;Oui;;;;1
 1.41178584462;43.5787713295;impasse Paul Lambert;Non;;;;1
 1.37799627097;43.5899011172;7 Place Sauvegrain;Oui;;;;1
 1.45982608474;43.6067499548;avenue du Cimetière;Non;;;;1
 1.44679778089;43.5785811088;80 Rue St Roch;Oui;;;;1
 1.43491777442;43.5932565609;Cours Dillon;Oui;;;;1
 1.44390507998;43.6003009223;place Esquirol;Non;;;;1
 1.44756751242;43.6065485085;proche 9 bd de Strasbourg;Oui;;;;1
 1.44351542192;43.6103064145;proche 73 bd de Strasbourg;Non;;;;1
 1.46404206283;43.6364587171;1 bis Rue F. Lopez;Oui;;;;1
 1.43336912263;43.6269047419;Barrière de Paris;Oui;;;;1
 1.43610296592;43.6034825867;place Saint-Pierre;Oui;;;;1
 1.41017529634;43.5648307449;place des Glières;Oui;;;;1
 1.42795548941;43.6081275304;square Héraclès;Oui;;;;1
 1.45655512727;43.6185884693;place Jean Bories;Oui;;;;1
 1.38052292356;43.5572580446;8 Rue du Cimetière St Simon;Oui;;;;1
 1.44482045556;43.6041521427;6 Rue du Poids de L Huile;Oui;;;;1
 1.44477700088;43.5926796198;1 Allées Jules Guesde;Oui;;;;1
 1.44823171001;43.6038196681;13 Rue Paul Meriel;Oui;;;;1
 1.428381383;43.5990107691;Place du Ravelin;Oui;;;;1
 1.40347194586;43.5706991754;3 Rue de Kiev;Oui;;;;1
 1.47789213612;43.6124464359;Place Soupetard;Oui;;;;1
 1.45586164937;43.5943470006;Port Saint-Sauveur;Oui;;;;1
 1.45459492847;43.5995369369;place Dupuy;Oui;;;;1
 1.43323680667;43.6100113065;bd Lascrosses (entrée Jardin Compans Caffarelli);Oui;;;;1
 1.43715117305;43.608317091;rue Cité Admnistrative;Oui;;;;1
 1.45222039047;43.6065515081;place Nicolas Bachelier;Non;;;;1
 1.44788846851;43.6051035242;allée du Pdt Roosevelt;Non;;;;1
 1.43035277667;43.5990192767;rue Réclusane;Oui;;;;1
 1.44805647817;43.6027490803;rue P Vidal;Non;;;;1
 1.43077005558;43.5976076265;place Roguet;Non;;;;1
 1.4352861402;43.6202873678;place du Marché aux cochons;Oui;;;;1
 1.39702820319;43.6077622075;Carrefour Bayonne - Vedel;Oui;;;;1
 1.44091390977;43.5984202085;6 bis Descente de la Halle aux Poissons;Oui;;;;1
 1.42328305068;43.5962675142;8 Place de la Patte d'Oie;Oui;;;;1
 1.45213516352;43.5993989304;Esplanade du 19 Août 1944;Oui;;;;1
 1.44755952337;43.5857994948;25 Grande Rue St Michel;Oui;;;;1
 1.44934282056;43.5944845208;37 Allée J. Guesde;Oui;;;;1
 1.45233593683;43.6403324879;Boulevard Netwiller;Oui;;;;1
 1.42826369701;43.584779276;rue de la Digue;Oui;;;;1
 1.43675616942;43.5983046506;18 Place Laganne;Oui;;;;1
 1.43856243302;43.6113553777;1 Bd Lascrosse;Oui;;;;1
 1.45223721801;43.605788707;proche 30 rue Jean Palaprat;Oui;;;;1
 1.46902285782;43.6194733844;passage LOuis Plana;Oui;;;;1
 1.43920999755;43.6116556231;proche 54 bd d'Arcole;Non;;;;1
 1.43991338708;43.5772492236;allée Henri Sellier;Non;;;;1
 1.4539684741;43.5964691362;allée Paul Sabatier;Non;;;;1
 1.45045487595;43.6087273756;place de Belfort;Oui;;;;1
 1.45126574709;43.5923829592;Jardin des plantes;Non;;;;1
 1.44421005367;43.5972647936;rue des Prêtres;Oui;;;;1
 1.44927686176;43.5810433187;avenue de l'URSS (proche IUFM);Non;;;;1
 1.45215637239;43.6012405352;proche 4 bd Lazare Carnot;Non;;;;1
 1.44886838752;43.6053387345;proche 81 bd Lazare Carnot;Non;;;;1
 1.46234064298;43.5744237229;Face à la Poste;Oui;;;;1
 1.43537733097;43.6132477492;Angle rue Laplace;Oui;;;;1
 1.41326082684;43.5814599471;2 Rue de Saintonge;Oui;;;;1
 1.45536590967;43.6032070242;bd Jules Michelet;Oui;;;;1
 1.40808622116;43.6169233555;6 Rue T. Holgado;Oui;;;;1
 1.48357725336;43.5792725227;place de l'Ormeau;Oui;;;;1
 1.43846486506;43.6015525792;place de la Daurade;Non;;;;1
 1.4467358366;43.6060219509;place Victor Hugo;Oui;;;;1
 -1.68198149075;48.1144720266;10 rue St. LOuis;Non;;;;2
 -1.71303731958;48.100616764;4 place Guénolé;Oui;;;;2
 -1.69806901572;48.1004206958;La Courrouze;?;;;;2
 -1.67971105845;48.1080144;2 place Honoré Commeurec;Non;;;;2
 -1.64889162603;48.1033732763;85 Bd. Villebois Mareuil;Oui;;;;2
 -1.66710790066;48.092680492;2 place Bir-Hakeim;Oui;;;;2
 -1.67524686448;48.1093346274;2 rue Toullier;Non;;;;2
 -1.66298604478;48.0942875059;Place du Souvenir Face 13 E. d'Orves;Oui;;;;2
 -1.65401622177;48.1383974897;Face 29 rue de St. Laurent;Oui;;;;2
 -1.65638518749;48.1165892869;5 Bd. Alexis Carrel Eglise;Oui;;;;2
 -1.68114242565;48.091341029;Square Sarah Bernhardt;Non;;;;2
 -1.66060914398;48.0835776473;49 avenue des Pays Bas;Oui;;;;2
 -1.63890000998;48.1352704551;Rue du Patis Tatelin;Oui;;;;2
 -1.69337824331;48.1078470443;61 quai St. Cyr;Oui;;;;2
 -1.69308767301;48.1164590386;Côté rue Maréchal Lyautey;Oui;;;;2
 -1.71198153755;48.1217064877;Dalle Kennedy;?;;;;2
 -1.70774462748;48.1088762601;1 Sq. Simone Morand;Oui;;;;2
 -1.67271832248;48.1026051132;Esplanade Fulgence Bienvenue;Oui;;;;2
 -1.67426905199;48.1053645479;Cours des Alliers;Oui;;;;2
 -1.67310805329;48.1042812448;Place de la Gare;Oui;;;;2
 -1.67377102927;48.1109618794;1 rue Kléber;Non;;;;2
 -1.68090207855;48.1144301471;Face au 15 place Ste.Anne;Oui;;;;2
 -1.69557215041;48.1067998241;12 rue Jean Guy;Oui;;;;2
 -1.65536792508;48.1243097768;Rue Courteline;?;;;;2
 -1.70937251838;48.1185513848;Parc du Berry;Oui;;;;2
 -1.64589295441;48.1375245972;rue Maurice AUDIN;?;;;;2
 -1.71090511447;48.1211373023;à l'intérieur bibliothèque;?;;;;2
 -1.68514412856;48.1053509332;Rue Pierre Abélard;?;;;;2
 -1.67988822219;48.1112077763;;?;;;;2
 -1.65994658206;48.1235500574;Place G. Bernanos sud;Oui;;;;2
 -1.65890440465;48.1077890072;Face 28 rue Bertrand Robidou;Oui;;;;2
 -1.67712333813;48.1152616568;Face au 10 place Hoche et sous-terrain;Oui;;;;2
 -1.64507648383;48.0894333237;Parc des Hautes Ourmes;?;;;;2
 -1.67994098149;48.1116120439;Place de la Mairie;Non;;;;2
 -1.65991169589;48.0886679943;1 bd de Yougoslavie;?;;;;2
 -1.67711344278;48.1144716845;32 rue Hoches;?;;;;2
 -1.64219329753;48.1316149192;"Parc des Gayeuilles SUD ""Tatelin""";?;;;;2
 -1.6749677848;48.1096208591;20 quai Emile Zola;?;;;;2
 -1.6427191226;48.0873141392;Rue Émile Littré;?;;;;2
 -1.70738836398;48.1193336794;Rue de Bourgogne;Oui;;;;2
 -1.68276510139;48.1132173625;Place du Haut des LICES;?;;;;2
 -1.70280757952;48.1316835223;Mail Emmanuel Le Ray;Oui;;;;2
 -1.74590427641;48.0934341258;Parking 2 Chemin rural 72;Oui;;;;2
 -1.73938982602;48.0921613589;Parking 1 Chemin rural 72;Oui;;;;2
 -1.69862163986;48.1111306998;57 rue Papu;Oui;;;;2
 -1.69858066085;48.1296575133;Rue Tanguy PRIGENT;Oui;;;;2
 -1.67467602015;48.1116126079;Jardin St. Georges;?;;;;2
 -1.6543292008;48.1221390527;Face 16 bd. Raymond Poincaré;Oui;;;;2
 -1.67375366652;48.1107368442;1 rue Kléber;Non;;;;2
 -1.65976288191;48.1302691536;Place Erlangen sud;Oui;;;;2
 -1.65469008683;48.1203476496;Face 65 Bd. Alexis Carrel;?;;;;2
 -1.64117204058;48.0909860315;22 Place du Ronceray;Oui;;;;2
 -1.64262909635;48.0962890864;198 Rue de Châteaugiron le Parc;Oui;;;;2
 -1.67993041711;48.1062791405;Rue de Plélo;?;;;;2
 -1.67157416578;48.1154818947;1 rue de Grignan;Oui;;;;2
 -1.6866855798;48.1049106967;Parking 1 rue Pierre Abélard;Non;;;;2
 -1.6923218798;48.0855466847;Place Albert Bayet;Oui;;;;2
 -1.68289205791;48.1116892027;;?;;;;2
 -1.6787602912;48.1112176044;Place de la Mairie;Non;;;;2
 -1.67252824213;48.1146336221;1 place St. Melaine parc;Oui;;;;2
 -1.66303962419;48.1395129272;Promenade de la Tauvrais jardins familliaux;Oui;;;;2
 -1.64618837812;48.1397713867;rue Maurice AUDIN;?;;;;2
 -1.69393155418;48.1188327118;rue Henri Le Guilloux;Oui;;;;2
 -1.67254321347;48.1077043128;rue Saint-Hélier;Oui;;;;2
 -1.67117466986;48.1038837341;Bd Solférino;?;;;;2
 -1.68384414707;48.10896878;8 place de Bretagne;Oui;;;;2
 -1.66618523752;48.1139008227;Coté Bd. de la Duchesse Anne;Oui;;;;2
 -1.66712977374;48.0950018431;Place Hyacinte Perrin Eglise;Oui;;;;2
 -1.67812897724;48.1049786585;22 place du Colombier;Oui;;;;2
 -1.6826759674;48.0814189058;Allée Ukraine côté Novotel;Oui;;;;2
 -1.68251152308;48.0914737727;Rue LOuis et René Moines;Oui;;;;2
 -1.70565647822;48.1005880515;Allée Joseph Germains;Oui;;;;2
 -1.67389022302;48.0935098469;1 Ave Fréville;Oui;;;;2
 -1.68826022671;48.1099094163;Mail F. Mitterrand face au n° 24;Oui;;;;2
 -1.72136585222;48.1224797704;PARC de Villejean N°65;Oui;;;;2
 -1.68047297971;48.1100410181;Face 1 Quai Lamennais;Oui;;;;2
 -1.68142727445;48.1047577461;rez de chaussé Colombia;?;;;;2
 -1.67628543252;48.1103950919;2 place St. Germain;Oui;;;;2
 -1.64521757826;48.1366668752;Rue du Professeur Maurice;?;;;;2
 -1.64824580349;48.1310719666;Gayeuilles zone centrale;?;;;;2
 -1.67690903705;48.1067049516;1 Pl. Esplanade Gl. De Gaulle;?;;;;2
 -1.69401658307;48.127454345;3 av de la Préfecture;Oui;;;;2
 -1.70445000773;48.1223232073;1 Sq.d'Alsace;Oui;;;;2
 -1.65322241716;48.0833865301;16 bd de Bulgarie;Oui;;;;2
 -1.67734268845;48.1065359882;Esplanade Gl. De Gaulle;Oui;;;;2
 -1.67087172261;48.1122971213;1 rue de Paris;Non;;;;2
 -1.66610433349;48.1128376014;Face au 3 Bd. de la Duchesse Anne;Non;;;;2
 -1.68898410398;48.0890135355;Bd. Albert Premier;Oui;;;;2
 -1.642585267;48.1322310286;Parc des Gayeulles;Oui;;;;2
 -1.68313257316;48.097761277;Square de Villeneuve 1 r M. Berthelot;Oui;;;;2
 -1.65653050576;48.0881363724;Place de Zagreb;Oui;;;;2
 -1.65884646877;48.1125630273;Parc Hamelin Oberthür;Non;;;;2
 -1.6518448622;48.1356057137;40 Ave des Gayeulles;Oui;;;;2
 -1.6916024942;48.0830523028;84 rue d'Angleterre;?;;;;2
 -1.68173770383;48.124822288;35 Rue Victor Ségalen;Non;;;;2
 -1.68440017364;48.1123930347;Face au 5 rue de Juillet;Non;;;;2
 -1.68135682614;48.1209671485;10 Canal St. Martin parking;Oui;;;;2
 -1.69006865125;48.1130884537;Sq. Guy HOuist;Non;;;;2
 2.35161126083;48.8648280189;85 BOULEVARD DE SEBASTOPOL;?;;;;3
 2.34957136375;48.8667935445;73 RUE REAUMUR;?;;;;3
 2.35272664515;48.8668198774;109 BOULEVARD DE SEBASTOPOL;?;;;;3
 2.32934537933;48.8700582311;37 BOULEVARD DES CAPUCINES;?;;;;3
 2.34323594839;48.8687490656;117 RUE MONTMARTRE;?;;;;3
 2.35581305144;48.8578325126;10bis RUE DE MOUSSY;?;;;;3
 2.35418309909;48.8567894255;face 50 RUE DE RIVOLI;?;;;;3
 2.36041970739;48.8553031934;123 RUE SAINT ANTOINE;?;;;;3
 2.35131574473;48.8607904234;123 RUE SAINT MARTIN;?;;;;3
 2.33873159224;48.8392007135;88 ter BOULEVARD DE PORT ROYAL;?;;;;3
 2.35207299082;48.8431229675;face 75 bis RUE MONGE;?;;;;3
 2.33748462835;48.8417544352;face 139 BOULEVARD SAINT MICHEL;?;;;;3
 2.33099520431;48.8544281281;186 BOULEVARD SAINT GERMAIN;?;;;;3
 2.31080862005;48.8624769891;41 PLACE DE FINLANDE;?;;;;3
 2.29589590523;48.8551043871; AVENUE CHARLES FLOQUET;?;;;;3
 2.32305465373;48.8498348758;40 RUE DE SEVRES;?;;;;3
 2.31808802785;48.8651488379; COURS LA REINE;?;;;;3
 2.33854479898;48.8721336811;1 BOULEVARD HAUSSMANN;?;;;;3
 2.34743317135;48.8834206143;17 BOULEVARD DE ROCHECHOUART;?;;;;3
 2.34551626208;48.8816653953;11 AVENUE TRUDAINE;?;;;;3
 2.34143291584;48.8823161493;51 BOULEVARD DE ROCHECHOUART;?;;;;3
 2.35617327983;48.8689996554;20 BOULEVARD SAINT MARTIN;?;;;;3
 2.35586267389;48.875780706; SQUARE ALBAN SATRAGNE;?;;;;3
 2.36958303183;48.8723150752;face 4 AVENUE CLAUDE VELLEFAUX;?;;;;3
 2.35456149368;48.8707513162;face au 1 RUE DE METZ;?;;;;3
 2.37662795136;48.8722796221;face 1 BOULEVARD DE LA VILLETTE;?;;;;3
 2.35053422485;48.8822446249;145 BOULEVARD DE MAGENTA;?;;;;3
 2.36874246833;48.8835732741;11 PLACE DE LA BATAILLE DE STALINGRAD;?;;;;3
 2.36500326172;48.8662247816;54 BOULEVARD DU TEMPLE;?;;;;3
 2.37116053465;48.8696842376;135 AVENUE PARMENTIER;?;;;;3
 2.41126940318;48.8461981551;2 RUE FERNAND FOUREAU;?;;;;3
 2.37654775403;48.8461125674;32 BOULEVARD DIDEROT;?;;;;3
 2.34942543957;48.8294847116;face 61 BOULEVARD AUGUSTE BLANQUI;?;;;;3
 2.37520071297;48.8303257437;face 97 RUE DU CHEVALERET;?;;;;3
 2.36175466277;48.8396342754; BOULEVARD DE L HOPITAL;?;;;;3
 2.32683121793;48.8404714766;face 32 BOULEVARD EDGAR QUINET;?;;;;3
 2.33853893042;48.8244420825;face 40 AVENUE REILLE;?;;;;3
 2.32316498865;48.8421757132;23 RUE DU DEPART;?;;;;3
 2.33680389185;48.8347355513;98 BOULEVARD ARAGO;?;;;;3
 2.34180576785;48.8382702261;95 BOULEVARD DE PORT ROYAL;?;;;;3
 2.32111692411;48.8243414263;161 BOULEVARD BRUNE;?;;;;3
 2.32630790325;48.8296102487;199 AVENUE DU MAINE;?;;;;3
 2.2914579762;48.8394184396;150 RUE DE LA CONVENTION;?;;;;3
 2.31101424775;48.844736498;6 BOULEVARD PASTEUR;?;;;;3
 2.29798828688;48.8528463574;86 RUE DE LA FEDERATION;?;;;;3
 2.30259575059;48.8356684765;139 RUE DE L ABBE GROULT;?;;;;3
 2.29512257485;48.8510453349;face 22 PLACE DUPLEIX;?;;;;3
 2.31694564817;48.8465213699;6 BOULEVARD DU MONTPARNASSE;?;;;;3
 2.28638203361;48.8621579607; AVENUE PAUL DOUMER;?;;;;3
 2.26908155009;48.8459388963;37 RUE MIRABEAU;?;;;;3
 2.2559870395;48.8458131187;face 21 AVENUE DU GENERAL SARRAIL;?;;;;3
 2.30346768685;48.8905508133;face 3 AVENUE DE LA PORTE D ASNIERES;?;;;;3
 2.28601752975;48.8818841939;51 BOULEVARD GOUVION SAINT CYR;?;;;;3
 2.32631183278;48.8833450337;face 10 BOULEVARD DES BATIGNOLLES;?;;;;3
 2.3302750002;48.884382393;face 118 BOULEVARD DE CLICHY;?;;;;3
 2.34273602653;48.8844550441; PLACE SUZANNE VALADON;?;;;;3
 2.36154810531;48.8920795027;opposé au 10 RUE DE L EVANGILE;?;;;;3
 2.34943063436;48.8884941411;43 BOULEVARD BARBES;?;;;;3
 2.34590618688;48.8832470829;face 52 BOULEVARD DE ROCHECHOUART;?;;;;3
 2.33553744078;48.9010611628;opposé au 94 RUE JEAN HENRI FABRE;?;;;;3
 2.32937581204;48.8978997141;2 AVENUE DE LA PORTE DE SAINT OUEN;?;;;;3
 2.36929812409;48.898773308;face 3 BOULEVARD NEY;?;;;;3
 2.39779898431;48.8755544143;251 RUE DE BELLEVILLE;?;;;;3
 2.37394970898;48.8784476343;29 AVENUE MATHURIN MOREAU;?;;;;3
 2.37566147354;48.8958345397;92 RUE CURIAL;?;;;;3
 2.38565335157;48.8973126836;26 bis AVENUE CORENTIN CARIOU;?;;;;3
 2.37903396915;48.8888356217; RUE DE CRIMEE;?;;;;3
 2.37724299499;48.8909604073;100 AVENUE DE FLANDRE;?;;;;3
 2.40935900155;48.8706908077; PLACE DE L ADJUDANT VINCENOT;?;;;;3
 2.38338973341;48.8667550376;face 148 BOULEVARD DE MENILMONTANT;?;;;;3
 2.41471511824;48.8583381123; AVENUE DU PROFESSEUR ANDRE LEMIERE;?;;;;3
 2.41523391124;48.8553275619;12 AVENUE DU PROFESSEUR ANDRE LEMIERE;?;;;;3
 2.4045172617;48.8570490165;face 121 RUE DES PYRENEES;?;;;;3
 2.39471760215;48.8649497422;face 4 PLACE MARTIN NADAUD;?;;;;3
 2.38988864716;48.8684257357;3 RUE SORBIER;?;;;;3
 2.34183617987;48.8631566853;39 PLACE DES DEUX ECUS;?;;;;3
 2.34647836638;48.8602837777;2 RUE DE LA LINGERIE;?;;;;3
 2.34062639783;48.8689183629;face 13 PLACE DE LA BOURSE;?;;;;3
 2.33066568733;48.8702743131;27 BOULEVARD DES CAPUCINES;?;;;;3
 2.36673549452;48.8499307054;21 bis BOULEVARD BOURDON;?;;;;3
 2.34979645991;48.8564861574;6 QUAI DE GESVRES;?;;;;3
 2.36835669665;48.8526426927;41 BOULEVARD BOURDON;?;;;;3
 2.35039774649;48.8602128675;face 2 RUE AUBRY LE BOUCHER;?;;;;3
 2.3497975967;48.8582009701;14 RUE SAINT MARTIN;?;;;;3
 2.35117112561;48.8605238452;115 RUE SAINT MARTIN;?;;;;3
 2.3612732609;48.8403933132;4 RUE POLIVEAU;?;;;;3
 2.35484617831;48.849330259;9 BOULEVARD SAINT GERMAIN;?;;;;3
 2.34004429125;48.8461292375;face 73 BOULEVARD SAINT MICHEL;?;;;;3
 2.33459026841;48.8527219832;17 RUE DU FOUR;?;;;;3
 2.32518012982;48.8516268274;face 12 RUE DE BABYLONE;?;;;;3
 2.30018344606;48.8651933385;2 AVENUE MARCEAU;?;;;;3
 2.31016091273;48.8701413113;4 AVENUE FRANKLIN D ROOSEVELT;?;;;;3
 2.30236199297;48.8746134859;face 19 AVENUE DE FRIEDLAND;?;;;;3
 2.31511516886;48.8754179857;face 4 AVENUE DE MESSINE;?;;;;3
 2.33916330241;48.8820890178;5 BOULEVARD DE CLICHY;?;;;;3
 2.33353024813;48.883534879;74 BOULEVARD DE CLICHY;?;;;;3
 2.33178483408;48.883981308;65 BOULEVARD DE CLICHY;?;;;;3
 2.37008390154;48.8779817762; PLACE DU COLONEL FABIEN;?;;;;3
 2.37528177673;48.8734807411;25 BOULEVARD DE LA VILLETTE;?;;;;3
 2.36139576778;48.8763040445;1 AVENUE DE VERDUN;?;;;;3
 2.36817760919;48.8762387309;2 RUE DES ECLUSES SAINT MARTIN;?;;;;3
 2.3551008979;48.8771534015;face 85 bis BOULEVARD DE MAGENTA;?;;;;3
 2.34961000749;48.8832700898;opposé au 168 BOULEVARD DE MAGENTA;?;;;;3
 2.35137801617;48.8704916023;5 RUE DE MAZAGRAN;?;;;;3
 2.3728553855;48.8548881939;27 RUE DE LA ROQUETTE;?;;;;3
 2.393718343;48.8521369726;44 AVENUE PHILIPPE AUGUSTE;?;;;;3
 2.38394554725;48.8586921502;135 RUE DE LA ROQUETTE;?;;;;3
 2.39230258734;48.839165346;26 BOULEVARD DE REUILLY;?;;;;3
 2.37744419191;48.8444926866;29 RUE ROLAND BARTHES;?;;;;3
 2.38031784261;48.8449844522;111 AVENUE DAUMESNIL;?;;;;3
 2.40188520758;48.84368377;54 BOULEVARD DE PICPUS;?;;;;3
 2.40747877396;48.8471076938;90 COURS DE VINCENNES;?;;;;3
 2.37108368746;48.84923929;36 AVENUE DAUMESNIL;?;;;;3
 2.44113275967;48.8441411997; AVENUE DE NOGENT;?;;;;3
 2.34772693476;48.8199697602;79 BOULEVARD KELLERMANN;?;;;;3
 2.3727636369;48.8223447327; AVENUE CLAUDE REGAUD;?;;;;3
 2.36685643725;48.8226634817;27 AVENUE D IVRY;?;;;;3
 2.3575912199;48.8189769485;5 BOULEVARD KELLERMANN;?;;;;3
 2.34180648779;48.8266907029;face 129 RUE DE LA GLACIERE;?;;;;3
 2.35845319705;48.8281983631;face 159 AVENUE DE CHOISY;?;;;;3
 2.36530148206;48.8293762307; RUE CLISSON;?;;;;3
 2.34443170401;48.8311339821;100 BOULEVARD AUGUSTE BLANQUI;?;;;;3
 2.376734206;48.8282285074;38 RUE DU CHEVALERET;?;;;;3
 2.36878261008;48.8352392611;44 BOULEVARD VINCENT AURIOL;?;;;;3
 2.32233836209;48.8381106104;88 AVENUE DU MAINE;?;;;;3
 2.31779797752;48.8354861014;opposé au 3 RUE DE L ABBE SOULANGE BODIN;?;;;;3
 2.31127922285;48.8249885208;11 AVENUE MAURICE D OCAGNE;?;;;;3
 2.3253096623;48.8322602151; AVENUE DU MAINE;?;;;;3
 2.31456172274;48.8339254348;21 RUE DE GERGOVIE;?;;;;3
 2.31095990545;48.84733414;4 PLACE DE BRETEUIL;?;;;;3
 2.31642763034;48.8409122347;face 55 BOULEVARD DE VAUGIRARD;?;;;;3
 2.27798287788;48.838073564; RUE SAINT CHARLES;?;;;;3
 2.29341777565;48.8360452422;face 6 RUE DESNOUETTES;?;;;;3
 2.30195906663;48.8396660531;277 RUE DE VAUGIRARD;?;;;;3
 2.284141152;48.8346285188;83 RUE DESNOUETTES;?;;;;3
 2.29213723446;48.8425893817;26 PLACE ETIENNE PERNET;?;;;;3
 2.29047953946;48.8447973119;1 PLACE VIOLET;?;;;;3
 2.27762807252;48.8462434637;face 2 AVENUE EMILE ZOLA;?;;;;3
 2.28792008292;48.8490352799; RUE DU THEATRE;?;;;;3
 2.25861985018;48.8383970816;224 AVENUE DE VERSAILLES;?;;;;3
 2.26822808174;48.8623619639; BOULEVARD SUCHET;?;;;;3
 2.25461090743;48.8412299523;16 AVENUE DU PARC DES PRINCES;?;;;;3
 2.29447373547;48.878920802;4 AVENUE NIEL;?;;;;3
 2.30420618261;48.8840275667;72 AVENUE DE VILLIERS;?;;;;3
 2.31429354624;48.8948461073;132 BOULEVARD BESSIERES;?;;;;3
 2.29553251987;48.8814960028;face 32 AVENUE NIEL;?;;;;3
 2.35340146335;48.8856323541;face 17 RUE POLONCEAU;?;;;;3
 2.3521864294;48.8841038721;36 RUE DE LA CHARBONNIERE;?;;;;3
 2.3589156474;48.8976316127;87 RUE DE LA CHAPELLE;?;;;;3
 2.34515427741;48.8890639193;23 RUE LAMBERT;?;;;;3
 2.34022806856;48.9007058379;opposé au 17 RUE LIEUTENANT COLONEL DAX;?;;;;3
 2.34600060986;48.8957747391;face 51 PLACE ALBERT KAHN;?;;;;3
 2.34380740461;48.9008257902; AVENUE DE LA PORTE DE CLIGNANCOURT;?;;;;3
 2.3701265059;48.8991988465;3 AVENUE DE LA PORTE D AUBERVILLIERS;?;;;;3
 2.32896961728;48.8842143528;130 ter BOULEVARD DE CLICHY;?;;;;3
 2.35342927125;48.884078656;face 90 BOULEVARD DE LA CHAPELLE;?;;;;3
 2.34164200768;48.8977589087;9 BOULEVARD NEY;?;;;;3
 2.33689209089;48.893502449;face 154 RUE ORDENER;?;;;;3
 2.34396370204;48.899194262;15 AVENUE DE LA PORTE DE CLIGNANCOURT;?;;;;3
 2.40040879932;48.8806802415; BOULEVARD D ALGERIE;?;;;;3
 2.37583653584;48.887235116;face 57 QUAI DE LA SEINE;?;;;;3
 2.37036598805;48.8857730297;25 AVENUE DE FLANDRE;?;;;;3
 2.37392407329;48.8886953619;69 AVENUE DE FLANDRE;?;;;;3
 2.38125082319;48.8778639152;3 RUE BOTZARIS;?;;;;3
 2.40008152756;48.8554039905;101 RUE ALEXANDRE DUMAS;?;;;;3
 2.40003159415;48.8482636473;9 COURS DE VINCENNES;?;;;;3
 2.40991820214;48.8557718796; RUE DE LA CROIX SAINT SIMON;?;;;;3
 2.40898871152;48.852719661;64 RUE DU VOLGA;?;;;;3
 2.40898577792;48.8641209728;6 PLACE DE LA PORTE DE BAGNOLET;?;;;;3
 2.39820179353;48.8705858922;157 RUE DE MENILMONTANT;?;;;;3
 2.40102151007;48.8600157102;171 RUE DES PYRENEES;?;;;;3
 2.348837232;48.8598552359;23 BOULEVARD DE SEBASTOPOL;?;;;;3
 2.34737781833;48.8580216455;2 RUE SAINT DENIS;?;;;;3
 2.34220322324;48.8623402992;44 RUE BERGER;?;;;;3
 2.35096273778;48.8636624932;69 BOULEVARD DE SEBASTOPOL;?;;;;3
 2.34382098738;48.8674378447;37 RUE DU LOUVRE;?;;;;3
 2.34845002883;48.8681621896;91 RUE D ABOUKIR;?;;;;3
 2.35350208429;48.8694083017;15 BOULEVARD SAINT DENIS;?;;;;3
 2.33834576652;48.8694908822; RUE MENARS;?;;;;3
 2.3525443675;48.866017922;90 BOULEVARD DE SEBASTOPOL;?;;;;3
 2.36630552167;48.8635546297;42985 BOULEVARD DU TEMPLE;?;;;;3
 2.36013286512;48.8649756655;face 171 RUE DU TEMPLE;?;;;;3
 2.35936485767;48.8627443804;25 RUE PASTOURELLE;?;;;;3
 2.34924320775;48.8538120546; RUE D ARCOLE;?;;;;3
 2.35487219277;48.846225219;4 RUE JUSSIEU;?;;;;3
 2.35622468717;48.8413080525;26 RUE BUFFON;?;;;;3
 2.34869156688;48.8416407744;8 RUE JEAN CALVIN;?;;;;3
 2.34398782402;48.8478120465;123 RUE SAINT JACQUES;?;;;;3
 2.35118650653;48.8379520924;9 AVENUE DES GOBELINS;?;;;;3
 2.33232860028;48.8412025712;135bis BOULEVARD DU MONTPARNASSE;?;;;;3
 2.34280307367;48.8513882825;75 BOULEVARD SAINT GERMAIN;?;;;;3
 2.29250251202;48.8582136973; QUAI BRANLY;?;;;;3
 2.30508321089;48.8543011743;2 PLACE JOFFRE;?;;;;3
 2.30321065908;48.8747742506;12 PLACE GEORGES GUILLAUMIN;?;;;;3
 2.32653045058;48.8725278384; RUE VIGNON;?;;;;3
 2.30122008396;48.8688403461;32 AVENUE GEORGE V;?;;;;3
 2.32045168942;48.8743584041;44 BOULEVARD MALESHERBES;?;;;;3
 2.36546558631;48.8718385288;1 AVENUE RICHERAND;?;;;;3
 2.37218354181;48.876196047;61 BOULEVARD DE LA VILLETTE;?;;;;3
 2.36046358018;48.8757495125; RUE DU FAUBOURG SAINT MARTIN;?;;;;3
 2.35625135327;48.8757753953; RUE DU FAUBOURG SAINT DENIS;?;;;;3
 2.3634091433;48.8683953934;12 PLACE DE LA REPUBLIQUE;?;;;;3
 2.37766692086;48.8541358706;125 AVENUE LEDRU ROLLIN;?;;;;3
 2.38912226664;48.859234607;opposé 13 BOULEVARD DE MENILMONTANT;?;;;;3
 2.37608280409;48.8648972177;58 AVENUE DE LA REPUBLIQUE;?;;;;3
 2.37103957683;48.86338089;face 48 BOULEVARD VOLTAIRE;?;;;;3
 2.37935147554;48.8570427775;face 170 AVENUE LEDRU ROLLIN;?;;;;3
 2.3761963156;48.8717292324;116 RUE DU FAUBOURG DU TEMPLE;?;;;;3
 2.38420732177;48.847134816;57 BOULEVARD DIDEROT;?;;;;3
 2.4040143783;48.8332259474;7 RUE JOSEPH CHAILLEY;?;;;;3
 2.3692517539;48.845288881;4 BOULEVARD DIDEROT;?;;;;3
 2.3954825438;48.8474448003;opposé au 16 PLACE DE LA NATION;?;;;;3
 2.37821862947;48.8396213356;12 BOULEVARD DE BERCY;?;;;;3
 2.36896816751;48.8297799548;26 PLACE JEANNE D ARC;?;;;;3
 2.35653249546;48.8280565621;46 AVENUE D ITALIE;?;;;;3
 2.36158054833;48.8327135265;151 BOULEVARD VINCENT AURIOL;?;;;;3
 2.36433399581;48.8430740443;3 BOULEVARD DE L HOPITAL;?;;;;3
 2.36398233556;48.8195836923;117 BOULEVARD MASSENA;?;;;;3
 2.34433502149;48.8189867194;2 BOULEVARD JOURDAN;?;;;;3
 2.33948840256;48.8245410206;face 30 AVENUE REILLE;?;;;;3
 2.32017895944;48.831657966;face 36 RUE DIDOT;?;;;;3
 2.31580729655;48.8252447717;82 BOULEVARD BRUNE;?;;;;3
 2.32885652026;48.8226298504;70 BOULEVARD JOURDAN;?;;;;3
 2.305654036;48.8279445001;face 231 RUE RAYMOND LOSSERAND;?;;;;3
 2.31610939765;48.8312560816;189 RUE D ALESIA;?;;;;3
 2.31141918096;48.8325740517;147 RUE VERCINGETORIX;?;;;;3
 2.30336605485;48.8282841151;185 BOULEVARD LEFEBVRE;?;;;;3
 2.29183408716;48.8309615645;face 57 BOULEVARD LEFEBVRE;?;;;;3
 2.32141091703;48.8399779407;4 RUE DU COMMANDANT RENE MOUCHOTTE;?;;;;3
 2.30890949564;48.8460231192; AVENUE DE SUFFREN;?;;;;3
 2.30273348541;48.8319295622;76 RUE BRANCION;?;;;;3
 2.28255646788;48.8390921089;face 170 RUE DE LOURMEL;?;;;;3
 2.30633269023;48.8392330434;face 7 RUE LA QUINTINIE;?;;;;3
 2.29218246244;48.8453782111;face 5 PLACE DU COMMERCE;?;;;;3
 2.2898684072;48.8555327403; QUAI BRANLY;?;;;;3
 2.27958777194;48.8754279615;opposé 39 BOULEVARD DE L AMIRAL BRUIX;?;;;;3
 2.27789099265;48.8508303988;9 QUAI LOUIS BLERIOT;?;;;;3
 2.29374015525;48.8683025332;face 12 PLACE DES ETATS UNIS;?;;;;3
 2.32804076739;48.895835561;2 RUE JACQUES KELLNER;?;;;;3
 2.32718400877;48.8919370861;74 AVENUE DE SAINT OUEN;?;;;;3
 2.33522147941;48.8917888229;2 RUE MONTCALM;?;;;;3
 2.35515147711;48.884205159;60 BOULEVARD DE LA CHAPELLE;?;;;;3
 2.3346274324;48.896429138;face 36 RUE LEIBNIZ;?;;;;3
 2.34445799674;48.8993882119;11 RUE FRANCIS DE CROISSET;?;;;;3
 2.34444160503;48.901133035; AVENUE DE LA PORTE DE CLIGNANCOURT;?;;;;3
 2.3673810476;48.8842570173;220 BOULEVARD DE LA VILLETTE;?;;;;3
 2.38142198169;48.883028778;face 5 AVENUE DE LAUMIERE;?;;;;3
 2.38345050145;48.8835019891;14 RUE MEYNADIER;?;;;;3
 2.38677478261;48.8989748409;9 AVENUE DE LA PORTE DE LA VILLETTE;?;;;;3
 2.38054129019;48.8762331619;face 45 AVENUE SIMON BOLIVAR;?;;;;3
 2.4021401807;48.8715541615;24 RUE SAINT FARGEAU;?;;;;3
 2.40925809907;48.8533162776;131 RUE D AVRON;?;;;;3
 2.3897774464;48.8662840548;72 RUE DES AMANDIERS;?;;;;3
 2.3920523226;48.871931094;296 RUE DES PYRENEES;?;;;;3
 2.40698934293;48.8759443207; BOULEVARD MORTIER;?;;;;3
 2.34247230415;48.863547401;9 RUE COQUILLIERE;?;;;;3
 2.34653567272;48.8579704354;17 AVENUE VICTORIA;?;;;;3
 2.36070068743;48.8600598633;2 RUE DES QUATRE FILS;?;;;;3
 2.35602360649;48.85415067; QUAI DE L HOTEL DE VILLE;?;;;;3
 2.3279690909;48.8476830944;85 BOULEVARD RASPAIL;?;;;;3
 2.31276020043;48.8694709544;opposé au 44 AVENUE GABRIEL;?;;;;3
 2.37097100542;48.8773676992;118 BOULEVARD DE LA VILLETTE;?;;;;3
 2.36399050058;48.8770143095; RUE ROBERT BLACHE;?;;;;3
 2.3616456863;48.8781474157;face 182 RUE DU FAUBOURG SAINT MARTIN;?;;;;3
 2.36273382814;48.8745920335;105 QUAI DE VALMY;?;;;;3
 2.36659750587;48.8700278994;face 50 QUAI DE JEMMAPES;?;;;;3
 2.36532029262;48.8680291958; RUE DU FAUBOURG DU TEMPLE;?;;;;3
 2.36970018791;48.8539831723;face 4 BOULEVARD RICHARD LENOIR;?;;;;3
 2.38788033428;48.8532924467;195 BOULEVARD VOLTAIRE;?;;;;3
 2.39630211203;48.8495778168;2 AVENUE DE BOUVINES;?;;;;3
 2.3893212175;48.8588174968;face au 7 BOULEVARD DE MENILMONTANT;?;;;;3
 2.37905139141;48.8623006181;face 28 RUE DU GENERAL GUILHEM;?;;;;3
 2.37266335235;48.8617407569;face 86 BOULEVARD RICHARD LENOIR;?;;;;3
 2.38095859967;48.8656969801;18 AVENUE JEAN AICARD;?;;;;3
 2.37952312143;48.864242083;82 AVENUE DE LA REPUBLIQUE;?;;;;3
 2.38403796052;48.8504315681;3 RUE DE MONTREUIL;?;;;;3
 2.39366320703;48.8495804477;282 BOULEVARD VOLTAIRE;?;;;;3
 2.36937734153;48.8658415599;123 BOULEVARD RICHARD LENOIR;?;;;;3
 2.40466278548;48.8404563216;124 AVENUE DU GENERAL MICHEL BIZOT;?;;;;3
 2.39204037215;48.8405254287;179 AVENUE DAUMESNIL;?;;;;3
 2.41126547446;48.844093329;6 AVENUE COURTELINE;?;;;;3
 2.384916432;48.8455922991;18 RUE ERARD;?;;;;3
 2.37177589009;48.8474515056;8 RUE DE LYON;?;;;;3
 2.35780584951;48.8348054392;126 BOULEVARD DE L HOPITAL;?;;;;3
 2.36512630736;48.8337173082;117 BOULEVARD VINCENT AURIOL;?;;;;3
 2.35309546711;48.8240656789;4 PLACE ABBE GEORGES HENOCQUE;?;;;;3
 2.35132877867;48.8268991047;4 RUE MARTIN BERNARD;?;;;;3
 2.34636990605;48.8349615547; BOULEVARD ARAGO;?;;;;3
 2.31818116624;48.8238450194;opposé au 8 AVENUE DE LA PORTE DE CHATILLON;?;;;;3
 2.30413873243;48.825507787;18 AVENUE DE LA PORTE DE VANVES;?;;;;3
 2.32414276007;48.8348792304;131 AVENUE DU MAINE;?;;;;3
 2.29781054036;48.8428648453;face 19 RUE LEON LHERMITTE;?;;;;3
 2.28477482095;48.8465506878;65 AVENUE EMILE ZOLA;?;;;;3
 2.30189793713;48.8455266144;38 RUE CAMBRONNE;?;;;;3
 2.30207203653;48.8478417928; BOULEVARD GARIBALDI;?;;;;3
 2.30356403712;48.8491847075;25 AVENUE DE LOWENDAL;?;;;;3
 2.29110456267;48.8572621108;73 QUAI BRANLY;?;;;;3
 2.26053361093;48.8483316189;101 BOULEVARD DE MONTMORENCY;?;;;;3
 2.27548876659;48.851292682;22 RUE GROS;?;;;;3
 2.25717759424;48.8484437891; PLACE DE LA PORTE D AUTEUIL;?;;;;3
 2.25617823875;48.8422349218; BOULEVARD MURAT;?;;;;3
 2.26669903431;48.8571927967;face 38 AVENUE RAPHAEL;?;;;;3
 2.29757004372;48.8888826761;face 1 AVENUE EMILE ET ARMAND MASSARD;?;;;;3
 2.31581150544;48.8884709682; PLACE CHARLES FILLION;?;;;;3
 2.28595031112;48.8769298905;64 AVENUE DE LA GRANDE ARMEE;?;;;;3
 2.28297085554;48.8811175902;7 AVENUE DE LA PORTE DES TERNES;?;;;;3
 2.31886670308;48.8894228236;96ter RUE LEMERCIER;?;;;;3
 2.3530164563;48.8963596175;138 RUE DES POISSONNIERS;?;;;;3
 2.35627051467;48.8859575419;1 RUE SAINT BRUNO;?;;;;3
 2.35883888856;48.8950895579;57 RUE DE LA CHAPELLE;?;;;;3
 2.35909848088;48.884644912; PLACE DE LA CHAPELLE;?;;;;3
 2.33677389228;48.882567343;face 34 BOULEVARD DE CLICHY;?;;;;3
 2.36985563312;48.8933841338;154 RUE D AUBERVILLIERS;?;;;;3
 2.37896296772;48.8954953474;7 RUE DE CAMBRAI;?;;;;3
 2.38070265061;48.8894777633;2 RUE DE JOINVILLE;?;;;;3
 2.38202690388;48.894741052;177 AVENUE DE FLANDRE;?;;;;3
 2.39309576671;48.8889514414;213 AVENUE JEAN JAURES;?;;;;3
 2.38442043788;48.8793838919; RUE BOTZARIS;?;;;;3
 2.40258392612;48.8491004469;1 RUE DE BUZENVAL;?;;;;3
 2.38189800131;48.8683430107;34 BOULEVARD DE BELLEVILLE;?;;;;3
 2.39595517104;48.8547611226;118 BOULEVARD DE CHARONNE;?;;;;3
 2.41151638615;48.8538097072;6 AVENUE DE LA PORTE DE MONTREUIL;?;;;;3
 2.40077805546;48.8648794077;face 12 RUE BELGRAND;?;;;;3
 2.35020308502;48.8623131813;55 BOULEVARD DE SEBASTOPOL;?;;;;3
 2.35014625048;48.8683443637;face 31 RUE D ALEXANDRIE;?;;;;3
 2.34365407443;48.8712998867;27 BOULEVARD POISSONNIERE;?;;;;3
 2.36703242245;48.8611231272;1 BOULEVARD DES FILLES DU CALVAIRE;?;;;;3
 2.35271771746;48.8630936107;face 34 RUE DU GRENIER SAINT LAZARE;?;;;;3
 2.3522490913;48.8655035113;82 BOULEVARD DE SEBASTOPOL;?;;;;3
 2.35003085158;48.8615373524;36 BOULEVARD DE SEBASTOPOL;?;;;;3
 2.35354364655;48.8374184706;78 BOULEVARD SAINT MARCEL;?;;;;3
 2.36039470127;48.8443966009; RUE CUVIER;?;;;;3
 2.30105587551;48.8625217068; QUAI BRANLY;?;;;;3
 2.30402816181;48.8792272013;51 BOULEVARD DE COURCELLES;?;;;;3
 2.32703687989;48.8776056478;21 RUE D AMSTERDAM;?;;;;3
 2.34685265093;48.8767420817;79bis RUE LA FAYETTE;?;;;;3
 2.34349779975;48.8827090841;45 BOULEVARD DE ROCHECHOUART;?;;;;3
 2.34334023734;48.8826756157;45 BOULEVARD DE ROCHECHOUART;?;;;;3
 2.36407391372;48.8725811844;face 81 QUAI DE VALMY;?;;;;3
 2.36098427062;48.8710936949;8 PLACE JACQUES BONSERGENT;?;;;;3
 2.36077777293;48.8683459405;40 RUE RENE BOULANGER;?;;;;3
 2.36731781779;48.8801634262;179 QUAI DE VALMY;?;;;;3
 2.35323834994;48.8818143971;3 RUE AMBROISE PARE;?;;;;3
 2.36364970349;48.8749245669;116 QUAI DE JEMMAPES;?;;;;3
 2.38095648432;48.8571881529;face 113 BOULEVARD VOLTAIRE;?;;;;3
 2.38355339048;48.8556437616;164 BOULEVARD VOLTAIRE;?;;;;3
 2.3802426629;48.8583131762;8 PLACE LEON BLUM;?;;;;3
 2.39245136818;48.857493703;133 BOULEVARD DE CHARONNE;?;;;;3
 2.39353336243;48.8347382889;283 RUE DE CHARENTON;?;;;;3
 2.36702780699;48.846008596;face 98 QUAI DE LA RAPEE;?;;;;3
 2.38957294205;48.8389404079;face 1 BOULEVARD DE REUILLY;?;;;;3
 2.36458137343;48.8268340661;90 RUE DE TOLBIAC;?;;;;3
 2.35564596848;48.8379115964;53 BOULEVARD SAINT MARCEL;?;;;;3
 2.36901388481;48.8212404052;1 RUE EMILE LEVASSOR;?;;;;3
 2.35812679931;48.8239434465;87 AVENUE D ITALIE;?;;;;3
 2.35616417308;48.8325839304;146 BOULEVARD DE L HOPITAL;?;;;;3
 2.31505362284;48.8256858886;103 BOULEVARD BRUNE;?;;;;3
 2.32627447599;48.8256936083;103 AVENUE DU GENERAL LECLERC;?;;;;3
 2.33383417366;48.8303689517;face 14 AVENUE RENE COTY;?;;;;3
 2.33094074871;48.8323424466;face 18 AVENUE DU GENERAL LECLERC;?;;;;3
 2.30534375195;48.826231662;3 RUE MAURICE NOGUES;?;;;;3
 2.33211877111;48.8348104903;face 297 BOULEVARD RASPAIL;?;;;;3
 2.32797958689;48.8289648283;63 AVENUE DU GENERAL LECLERC;?;;;;3
 2.33118702288;48.8330150787;10 AVENUE DU GENERAL LECLERC;?;;;;3
 2.29680197246;48.8371892955;face 200 RUE DE LA CONVENTION;?;;;;3
 2.30028097537;48.8409059865;92-102 RUE BLOMET;?;;;;3
 2.30982319251;48.8364136137;68 RUE DE LA PROCESSION;?;;;;3
 2.29949868476;48.8331257229;face 41 RUE DES MORILLONS;?;;;;3
 2.28169181419;48.8362409445;364 RUE LECOURBE;?;;;;3
 2.26307813413;48.8398553776;170 AVENUE DE VERSAILLES;?;;;;3
 2.27363259839;48.8476823115;2 PLACE DE BARCELONE;?;;;;3
 2.29569743574;48.8749477124;face 2 AVENUE DE WAGRAM;?;;;;3
 2.32634362788;48.8856593152;25 AVENUE DE CLICHY;?;;;;3
 2.31967009491;48.8908073507;135 AVENUE DE CLICHY;?;;;;3
 2.29436414579;48.8875400487;face 1 AVENUE STEPHANE MALLARME;?;;;;3
 2.34974114956;48.8914363932;96 BOULEVARD BARBES;?;;;;3
 2.35486399619;48.8850281386;3 RUE DE LA GOUTTE D OR;?;;;;3
 2.33510623427;48.9005931845; RUE GERARD DE NERVAL;?;;;;3
 2.34053038252;48.8992899143;opposé au 17 RUE RENE BINET;?;;;;3
 2.32593610572;48.888224506;16 AVENUE DE SAINT OUEN;?;;;;3
 2.35460972095;48.8904544454;29 RUE ERNESTINE;?;;;;3
 2.33826967804;48.8965489204;135 RUE DAMREMONT;?;;;;3
 2.33769098113;48.8990168529;face 3 RUE MARCEL SEMBAT;?;;;;3
 2.3446622105;48.8844921121;face 3 PLACE SAINT PIERRE;?;;;;3
 2.37374993518;48.8881820312;58 AVENUE DE FLANDRE;?;;;;3
 2.39255357281;48.877068392; RUE DES FETES;?;;;;3
 2.37826222864;48.8786193513;29 RUE MANIN;?;;;;3
 2.37715913191;48.8865972849;68 QUAI DE LA LOIRE;?;;;;3
 2.39785967871;48.8838976231; AVENUE DE LA PORTE BRUNET;?;;;;3
 2.38101490179;48.8855238884;face 107 AVENUE JEAN JAURES;?;;;;3
 2.37033634348;48.8822137261;face 196 BOULEVARD DE LA VILLETTE;?;;;;3
 2.37584765205;48.8858032513;52 QUAI DE LA LOIRE;?;;;;3
 2.38975171918;48.8736801872;face 375 RUE DES PYRENEES;?;;;;3
 2.41224737255;48.8544550261;face 3 RUE DES DOCTEURS DEJERINE;?;;;;3
 2.39982370311;48.8649204146;1 RUE BELGRAND;?;;;;3
 -1.39247410410928; 47.2967550262871 ;rue du Cellier (parking face à l'école);;;;;4
 -1.50276859414071; 47.2349401485852 ;rue de Rivière n°37  (place du Vieux Doulon);Oui;;;;4
 -1.53285244350403; 47.2343938752821 ;rue de la marrière n°27 - place du marché;Non;;;;4
 -1.50877933912959; 47.2274986071001 ;parc du grand blottereau;Oui;;;;4
 -1.49139177009538; 47.2962282602878 ;Rue André Maurois (place du marché);;;;;4
 -1.4934256482368; 47.2965300571601 ;Place Le Corvec;Oui;;;;4
 -1.53076311416444; 47.2625645513395 ;parc floral de la Beaujoire;Oui;;;;4
 -1.53460443859609; 47.2618953206344 ;parc floral de la Beaujoire;Non;;;;4
 -1.52274532606656; 47.2880421820774 ;Parc de la Chantrerie;;;;;4
 -1.53555299703359; 47.2353479918952 ;Parc du Plessis Tison;Oui;;;;4
 -1.55005782168864; 47.2992124794165 ;Place de l'Eglise;Oui;;;;4
 -1.6727998481161; 47.2625792328604 ;Place de la Gendarmerie;Oui;;;;4
 -1.62319175906487; 47.2705688535784 ;Place Jeanne d'Arc - Le Bourg;Oui;;;;4
 -1.57648352562549; 47.2532769221593 ;Place Bout des Pavés;Oui;;;;4
 -1.59631296898079; 47.2526364561662 ;rue Kindia - Le Petit Chantilly;Non;;;;4
 -1.56934660915782; 47.2434041846086 ;vallée du cens;;;;;4
 -1.56035224228016; 47.2535618522742 ;rue d'assise;Oui;;;;4
 -1.56701446155703; 47.2424383596741 ;vallée du cens;;;;;4
 -1.68235350185828; 47.2143452022477 ;Place des Cités;;;;;4
 -1.72479448617054; 47.2156318890403 ;rue Alexandre Olivier - Epinettes;Non;;;;4
 -1.72749549896159; 47.2111589065519 ;place Charles de Gaulle;Non;;;;4
 -1.64709926489558; 47.193248886718 ;rue Joseph Tahet;Non;;;;4
 -1.67376706998005; 47.1977903497235 ;quai d'Indre place J. Bordais marché le dim.;Oui;;;;4
 -1.63927863771579; 47.2219280219297 ;Tram ligne 3;Oui;;;;4
 -1.65359198849273; 47.2115704139931 ;rue du lieutenant mouillie;Non;;;;4
 -1.60806749778069; 47.2183976427514 ;avenue Branchoire;Non;;;;4
 -1.58689325701635; 47.2135900046552 ;place Emile Zola;Oui;;;;4
 -1.58792608975112; 47.2067635604654 ;Place de la Liberté;Non;;;;4
 -1.5927835731453; 47.1994734703664 ;rue des Civelles;Oui;;;;4
 -1.57892821431067; 47.2019266280916 ;rue des Garennes;Non;;;;4
 -1.57123120436148; 47.2092763473293 ;rue de la Brasserie;Oui;;;;4
 -1.57477040504501; 47.2146595270628 ;place Canclaux;Non;;;;4
 -1.59808821663716; 47.2238186770592 ;place des Dervallières;Oui;;;;4
 -1.58917683647408; 47.1994883164344 ;Boulevard de la Liberté  Place Macé;Oui;;;;4
 -1.58176945128172; 47.2002988655197 ;square Maurice Schwob;;;;;4
 -1.56082664381794; 47.2110607447429 ;quai de la Fosse;Non;;;;4
 -1.56364515123737; 47.2160002423212 ;Square Lebé - Place Newton;Oui;;;;4
 -1.5587931829209; 47.219262661263 ;rue Léopold Cassegrain;Oui;;;;4
 -1.54310426691244; 47.2287894722674 ;place des enfants nantais;Non;;;;4
 -1.52280834557691; 47.2258589857588 ;place Gabriel Trarieux;Non;;;;4
 -1.55254762147452; 47.2128175153783 ;allée de la Maison Rouge BACO;Oui;;;;4
 -1.56133000110399; 47.2152499245917 ;rue du Calvaire n°11;Oui;;;;4
 -1.55622963364689; 47.2170975563696 ;rue Armand Brossard;Oui;;;;4
 -1.55948009692146; 47.2172579438702 ;place Bretagne;Oui;;;;4
 -1.54456688020931; 47.2205170959908 ;jardin des plantes;Oui;;;;4
 -1.56376366502621; 47.2110964960782 ;cours Cambronne;Oui;;;;4
 -1.5647992137733; 47.2127907688621 ;square Louis Bureau;;;;;4
 -1.52710793103935; 47.2269939173847 ;parc de la Noë Mitrie;;;;;4
 -1.54655828098108; 47.2020491752722 ;square Vertais;;;;;4
 -1.53311347965413; 47.2069237282868 ;jardin des cinq sens;;;;;4
 -1.56481030281344; 47.2062333816928 ;Parc des chantiers- Bar de la Branche;Oui;;;;4
 -1.56466112957655; 47.2052746937977 ;Parc des chantiers - Les Nefs;Oui;;;;4
 -1.56737509578747; 47.2051557694397 ;Parc des chantiers - Station Prouvé;Oui;;;;4
 -1.54098073924425; 47.2188274242079 ;jardin des plantes;Oui;;;;4
 -1.56619350364038; 47.2288298201608 ;place Emile Fritsch;Oui;;;;4
 -1.57020023210618; 47.224487913552 ;rue de la Pelleterie;;;;;4
 -1.58592716957707; 47.2303488158409 ;square Louis Feuillade;Oui;;;;4
 -1.56319871188901; 47.2251122614612 ;rue Noire - square Capucins;Oui;;;;4
 -1.59138915917936; 47.2274787850822 ;rue professeur Dubuisson;Oui;;;;4
 -1.56185137461257; 47.2204112289093 ;place Viarme  face n°3;Oui;;;;4
 -1.57674424164196; 47.2327954941687 ;Boulevard des Américains;Oui;;;;4
 -1.58197343101717; 47.2224040424727 ;jardin d'enfants de Procé;;;;;4
 -1.58330065600502; 47.2235568442375 ;parc de Procé Vallon;Oui;;;;4
 -1.58136598775862; 47.223136236766 ;parc de Procé Château;;;;;4
 -1.57710550365362; 47.2411686325569 ;parc de la Gaudinière haut;Oui;;;;4
 -1.55371716601873; 47.225270478295 ;Ile de Versailles;Oui;;;;4
 -1.52239020890825; 47.2486596406107 ;PEM La Haluchère;Non;;;;4
 -1.39286533092106; 47.2951988547925 ;Derrière l'église;;;;;4
 -1.51780773830689; 47.269500798695 ;Place des Tonelliers;Non;;;;4
 -1.5514622432977; 47.2211674028578 ;Rue Tournefort;Oui;;;;4
 -1.55438473971654; 47.2171778591698 ;Square de l'Amiral Halgan;Non;;;;4
 -1.52336922882544; 47.2103577905182 ;Crapa Beaulieu Parking;Oui;;;;4
 -1.5297221084211; 47.1908975024982 ;Parc potager de la Crapaudine;Oui;;;;4
 -1.56248778376616; 47.2177146718177 ;Square Faustin Hélie;Oui;;;;4
 -1.57825267295222; 47.2465428179967 ;parc de la Gaudinière bas;Non;;;;4
 -1.51227510942117; 47.2266524293868 ;parc du grand blottereau;;;;;4
 -1.52768342121573; 47.2226964729384 ;square Jean Baptiste Barré;Non;;;;4
 -1.59354973264737; 47.2043291674751 ;square Jean Le Gigant;Non;;;;4
 -1.5839366442963; 47.2006574903376 ;parc des Oblates;Oui;;;;4
 -1.55369078770185; 47.2252713684107 ;Ile de Versailles;Oui;;;;4
 -1.54114446382891; 47.196458125064 ;à côté du 11 rue Esnoult des Châtelets;Non;;;;4
 -1.61282701891088; 47.2094437080825 ;place Denis Forestier;Non;;;;4
 -1.68881374199635; 47.1413567879381 ;marché (dans bâtiment);Oui;;;;4
 -1.69329004055767; 47.1445322159992 ;rené Vinet (Eglise);Non;;;;4
 -1.73293335372255; 47.1349131478556 ;église;Non;;;;4
 -1.68370684991348; 47.189950589369 ;place de l'Eglise;Oui;;;;4
 -1.68337966299872; 47.1878812533845 ;Place Similien Guérin;Oui;;;;4
 -1.72496219728354; 47.1957187825113 ;local face à la mairie;Oui;;;;4
 -1.78556903413688; 47.2061867666696 ;Route de la Chauffetière;Oui;;;;4
 -1.7551368848215; 47.2030285566745 ;place du commandant l'Herminier;Non;;;;4
 -1.75513273852254; 47.2012451258297 ;à l'arrière des halles (situées rue du Dr Sourdille);;;;;4
 -1.72236087412763; 47.169606662585 ;mairie;;;;;4
 -1.72043759541334; 47.1686295224922 ;Eglise;;;;;4
 -1.58854385914105; 47.1807661934522 ;Rue Célestin Freinet;Oui;;;;4
 -1.62375737387148; 47.1790655037078 ;place de l'église au 7 bis;Non;;;;4
 -1.59307617084829; 47.1769998188308 ;Station Neustrie Tram;;;;;4
 -1.65444662050528; 47.1842123665492 ;Roche Ballue;Non;;;;4
 -1.5870802206819; 47.1853105827462 ;Les Couëts : rue Maréchal Leclerc;Non;;;;4
 -1.62288200246808; 47.1677644264054 ;Les jardins familiaux;Non;;;;4
 -1.62937242933986; 47.177349653857 ;Champ Toury;Non;;;;4
 -1.5287989913016; 47.1942159314792 ;69 boulevard Joliot Curie;Non;;;;4
 -1.54759831529334; 47.1846939937215 ;Place Roger Salengro  rue de Chupiet;Non;;;;4
 -1.562394809477; 47.1848696885941 ;place du Pays de Retz;Non;;;;4
 -1.55155146434883; 47.1891001039323 ;place du 8 Mai 1945;Non;;;;4
 -1.55262697722405; 47.1835502124466 ;Balinière;;;;;4
 -1.53177824945554; 47.1636165228539 ;CLSH la Robinière;;;;;4
 -1.5650322849317; 47.1905078077965 ;Cimetière St Pierre;;;;;4
 -1.54352670741723; 47.1847104484583 ;Cimetière St Paul;;;;;4
 -1.53188936779172; 47.1830442310594 ;Parc de la Morinière;;;;;4
 -1.56952629261983; 47.1915184921957 ;Hôtel de Ville  Grignon Dumoulin;Non;;;;4
 -1.53754770038832; 47.1877183941908 ;Parc Chêne Gala;;;;;4
 -1.53204691980543; 47.1647178098502 ;Stade Robinière;;;;;4
 -1.55831922900723; 47.1717283803808 ;Cimetière Classerie;;;;;4
 -1.57022297073413; 47.1817949613664 ;Trocardière, stade Léo Lagrange;;;;;4
 -1.50514404023303; 47.2074361214992 ;place Cambronne;Non;;;;4
 -1.50364140031247; 47.2084138753702 ;place de l'Eglise;Oui;;;;4
 -1.51773095275049; 47.1935509230788 ;place de la Liberté- Place Alfred Radigois;Oui;;;;4
 -1.46531932254415; 47.2150160899479 ;Place St Brice;Oui;;;;4
 -1.46597579162715; 47.2173721110801 ;Rue de la Poste;Oui;;;;4
 -1.53045143123094; 47.148315904221 ;rue de l'Elan face à la mairie;Oui;;;;4
 -1.4839848939869; 47.1652324526394 ;Rte Sorinières/ A,garnier  le Chêne;Oui;;;;4
 -1.47240648550308; 47.1582216246082 ;Rue Pierre Percée  chemin du champ de courses;Oui;;;;4
 -1.51088513669327; 47.1709208087693 ;Rue de la Cale de Beautour;Oui;;;;4
 -1.47992234389478; 47.1678551158433 ;Quai de Chaussée des Moines /Baillorges;Oui;;;;4
 -1.47206679265198; 47.1638439165467 ;Impasse Gouin  St Martin;Oui;;;;4
 -1.46825355710177; 47.1493884345102 ;Lieu-dit Portillon;Oui;;;;4
 -1.48672336617472; 47.2492980554648 ;Place du 11 Novembre;;;;;4
 -1.48385499949354; 47.2498794405798 ;Place du Marché;Oui;;;;4
 -1.46086918880616; 47.2443251085474 ;Ile Clémentine (bord de Loire);Oui;;;;4
 -1.47450553357271; 47.2445237680788 ;Ch. des Claudix (plan d'eau du Plessis);;;;;4
 -1.44085570593544; 47.2673084420546 ;Place de la République / place de l'église;Non;;;;4
 -1.43824383903739; 47.2662951813781 ;Cimetière communautaire;Non;;;;4
 3.13822442817;50.609469966;;;;;;5
 3.13818526085;50.6094830357;;;;;;5
 3.14612714408;50.6047921052;;;;;;5
 3.14612714732;50.6047921025;;;;;;5
 3.21204787923;50.7071157477;;;;;;5
 3.0546042;50.6315482;;;;;;5
 3.0204749;50.6007601;;;;;;5
 2.8832869;50.6874749;;;;;;5
 3.0487534;50.626716;;;;;;5
 3.0164125;50.6156342;;;;;;5
 3.1818296;50.6240942;;;;;;5
 3.13753617211;50.6096394499;;;;;;5
 3.13752521017;50.6096421682;;;;;;5
 3.13818526259;50.6094830393;;;;;;5
 3.07267822255;50.6449976356;;;;;;5
 2.978432;50.5767058;;;;;;5
 2.9768315;50.5749676;;;;;;5
 3.0551756;50.6847768;;;;;;5
 2.9815331;50.6546096;;;;;;5
 2.8091683;50.6941964;;;;;;5
 3.0622237;50.6322715;;;;;;5
 3.16384447397;50.6182768905;;;;;;5
 3.13822442817;50.609469966;;;;;;5
 3.13822442973;50.6094699702;;;;;;5
 3.13818526128;50.6094830366;;;;;;5
 3.13751473682;50.6096447683;;;;;;5
 3.13822443158;50.6094699744;;;;;;5
 3.14618686833;50.6048192511;;;;;;5
 3.14618686327;50.6048192579;;;;;;5
 3.2103114;50.7111809;;;;;;5
 3.07289315012;50.6447821897;;;;;;5
 3.0728620796;50.6448142309;;;;;;5
 2.7876646;50.7044949;;;;;;5
 3.13732708146;50.6096299738;;;;;;5
 3.13736147049;50.6096272028;;;;;;5
 3.14647836016;50.604868323;;;;;;5
 2.985369;50.6093686;;;;;;5
 3.0611578;50.6421571;;;;;;5
 3.0575;50.62892;;;;;;5
 3.0467997;50.7816997;;;;;;5
 3.0654776;50.6346713;;;;;;5
 3.0502281;50.6385645;;;;;;5
 3.13735852309;50.6096222883;;;;;;5
 3.13733001729;50.6096348434;;;;;;5
 3.1375147363;50.6096447678;;;;;;5
 3.13818526241;50.6094830421;;;;;;5
 3.14643633066;50.6048462267;;;;;;5
 3.07264740494;50.6450287597;;;;;;5
 2.9886759;50.6113332;;;;;;5
 3.0460193;50.6383606;;;;;;5
 3.0214021;50.6092184;;;;;;5
 3.0688577;50.6262076;;;;;;5
 2.9845065;50.6549427;;;;;;5
 3.0158784;50.6007499;;;;;;5
 3.120137;50.6443829;;;;;;5
1.9558561;43.3222527;Place du Cugarel;;;;;6
1.9550487000000003;43.3195071;Place de Verdun;;;;;6
1.9523451000000003;43.3183636;Place de la République;;;;;6
1.9534421;43.3169137;Jardin de la Mairie;;;;;6
1.9561431000000002;43.3164609;Square Victor Hugo;;;;;6
1.949797;43.3151631;Avenue Arnaut Vidal;;;;;6
1.9437324999999999;43.3149426;Square André Chénier;;;;;6
-0,574467312;44,84388372;COURS DU XXX JUILLET;Oui;;;Sanitaire automatique;7
-0,584577183;44,86116746;Rue Pierre TrC)bod;;;;Urinoir;7
-0,57213874;44,84237169;COURS DU CHAPEAU ROUGE;;;;Sanitaire automatique;7
-0,612880665;44,82462887;Alfred Smith;;;;Urinoir;7
-0,54677071;44,841595;Rue de la Benauge;;;;Urinoir;7
-0,549668818;44,87059773;Place Adolphe Buscaillet;;;;Urinoir;7
-0,578579668;44,83493549;Place de la RC)publique;;;;Urinoir;7
-0,572441822;44,84713616;AllC)e de Bristol;Oui;;;Chalet de nécessité;7
-0,5482113;44,87699109;Place Philippe Lebon;;;;Urinoir;7
-0,586087835;44,83919433;6 rue Lateulade;;;;Urinoir;7
-0,545747532;44,84934625;278 avenue Thiers;;;;Urinoir;7
-0,544380844;44,87506956;Boulevard Albert Brandenburg;;;;Urinoir;7
-0,563484428;44,81338919;Boulevard Albert 1er;;;;Urinoir;7
-0,57189457;44,83143011;Rue Paul Broca;;;;Urinoir;7
-0,564321471;44,8267129;Place Dormoy;;;;Urinoir;7
-0,577383972;44,8229897;Place Simiot;;;;Urinoir;7
-0,550259965;44,84305671;Place Calixte Camelle;;;;Urinoir;7
-0,60144846;44,83155638;Rue Edouard Laroque;;;;Urinoir;7
-0,562917322;44,82953051;Place AndrC) Meunier;;;;Urinoir;7
-0,588363598;44,83078956;Place d'Arlac;;;;Urinoir;7
-0,607806285;44,83518561;Frantz Schrader;;;;Urinoir;7
-0,545190734;44,842922;Rue Ferdinand Palau;;;;Urinoir;7
-0,582568238;44,83869283;PLACE DU COLONEL RAYNAL;Oui;;;Sanitaire automatique;7
-0,567278484;44,83879105;QUAI RICHELIEU MAISON ECOCITOYENNE;Oui;;;Sanitaire automatique;7
-0,621460357;44,8570871;PLACE DES PINS FRANCS;Oui;;;Sanitaire automatique;7
-0,599287298;44,85353197;PARC BORDELAIS;Oui;;;Sanitaire automatique;7
-0,565947801;44,90490411;PARC FLORAL;Oui;;;Sanitaire automatique;7
-0,582290857;44,86059171;RUE LOUIS GENDREAU;Oui;;;Sanitaire automatique;7
-0,616170914;44,85160618;RUE FERNAND CAZERES;Oui;;;Sanitaire automatique;7
-0,610951424;44,8331408;ANGLE CANTENAC ET FLORNOY;Oui;;;Sanitaire automatique;7
-0,603339743;44,8295118;PLACE AMELIE RABA LEON;Oui;;;Sanitaire automatique;7
-0,594328151;44,83301302;PLACE GAVINIES;Oui;;;Sanitaire automatique;7
-0,57331479;44,84464632;POLE D'ECHANGE DES QUINCONCES;Oui;;;Sanitaire automatique;7
-0,572454186;44,83524949;PARKING VICTOR HUGO;Oui;;;Sanitaire automatique;7
-0,575623569;44,84114201;PLACE PUY PAULIN;Oui;;;Sanitaire automatique;7
-0,567017407;44,85266183;QUAI DES CHARTRONS JEUX D'ENFANTS;Oui;;;Sanitaire automatique;7
-0,569853946;44,84904978;QUAI DES CHARTRONS IBAIA;Oui;;;Sanitaire automatique;7
-0,574045259;44,8519743;PLACE PAUL DOUMER;Oui;;;Sanitaire automatique;7
-0,57033289;44,84684617;QUAI LOUIS XVIII;Oui;;;Sanitaire automatique;7
-0,574961626;44,84690102;ALLEES DE CHARTRES;Oui;;;Sanitaire automatique;7
-0,551185852;44,8277019;QUAI DE PALUDATE;Oui;;;Sanitaire automatique;7
-0,577106103;44,83327444;PLACE SAINTE EULALIE;Oui;;;Sanitaire automatique;7
-0,580138547;44,83482051;PLACE DE LA REPUBLIQUE;Oui;;;Sanitaire automatique;7
-0,573131617;44,83127738;PLACE DE LA VICTOIRE;Oui;;;Sanitaire automatique;7
-0,566810187;44,83055493;PLACE DES CAPUCINS;Oui;;;Sanitaire automatique;7
-0,562329654;44,82968758;PLACE ANDRE MEUNIER;Oui;;;Sanitaire automatique;7
-0,55056557;44,82741166;QUAI DE PALUDATE;Oui;;;Sanitaire automatique;7
-0,554615103;44,82433979;RUE DES TERRES DE BORDES;Oui;;;Sanitaire automatique;7
-0,563160532;44,82237355;PLACE DU CARDINAL DONNET ;Oui;;;Sanitaire automatique;7
-0,572011115;44,82030176;PLACE NANSOUTY;Oui;;;Sanitaire automatique;7
-0,575364149;44,83218291;PLACE FRANCIS DE PRESSENCE;Oui;;;Sanitaire automatique;7
-0,56293034;44,8348917;QUAI DE LA GRAVE 1;Oui;;;Sanitaire automatique;7
-0,565009886;44,83439958;PLACE DUBURG;Oui;;;Sanitaire automatique;7
-0,561166641;44,8336658;QUAI DE LA GRAVE 2;Oui;;;Sanitaire automatique;7
-0,558533509;44,83202666;QUAI DE LA GRAVE MAISON JARDINIER;Oui;;;Sanitaire automatique;7
-0,551315305;44,82416477;PLACE FERDINAND BUISSON;Oui;;;Sanitaire automatique;7
-0,557660463;44,82614176;PLACE CASABLANCA;Oui;;;Sanitaire automatique;7
-0,559629409;44,8410481;PLACE STALINGRAD 1;Oui;;;Sanitaire automatique;7
-0,560001059;44,8398258;PLACE STALINGRAD 2;Oui;;;Sanitaire automatique;7
-0,549898051;44,84281146;PLACE CALIXTE CAMELLE;Oui;;;Sanitaire automatique;7
-0,565072869;44,84533945;QUAI DE QUEYRIES;Oui;;;Sanitaire automatique;7
-0,56130164;44,85004816;PARC AUX ANGELIQUES;Oui;;;Sanitaire automatique;7
-0,578258478;44,84778442;JARDIN PUBLIC 1;Oui;;;Sanitaire automatique;7
-0,580998811;44,85000241;JARDIN PUBLIC 2;Oui;;;Sanitaire automatique;7
-0,585326967;44,84324682;PLACE DES MARTYRS DE LA RESISTANCE;Oui;;;Sanitaire automatique;7
-0,599238335;44,8242721;RUE DE LA BECHADE;Oui;;;Sanitaire automatique;7
-0.28803;49.16711;Autoroute de Normandie;;;Autoroute;;GIBERVILLE
-0.27567;49.16646;AUTOROUTE A13 AIRE DE GIBERVILLE SUD;;;Autoroute;;Giberville
7.6894579908;48.7302505329;A4E AIRE DE BRUMATH OUEST;;;Autoroute;;BRUMATH
7.69124867573;48.7268961716;A4E AIRE DE BRUMATH EST;;;Autoroute;;BRUMATH
0.77727;47.47364;LES REL.DE TOURAINE AUT A 10;;;Autoroute;;Monnaie
5.21399694458;45.6124616512;A 43 AIRE DE L ISLE D ABEAU;;;Autoroute;;L'Isle-d'Abeau
0.6305;47.16719;AUTOROUTE A 10;;;Autoroute;;Saint-Épain
0.91874;47.32082;Aire de Athée sur CherAutoroute A 85;;;Autoroute;;ATHEE SUR CHER
5.22135;45.61219;A43 Aire de l'isle d'Abeau Nord;;;Autoroute;;L'Isle-d'Abeau
5.19773708351;45.6268439334;AUTOROUTE A 43;;;Autoroute;;L'ISLE D'ABEAU
0.631743694942;47.1664570639;A10 - AIRE DE LA FONTAINE COLETTE;;;Autoroute;;SAINT-ÉPAIN
4.80729;45.39307;Autoroute du Soleil;;;Autoroute;;ROUSSILLON
0.77889;47.47626;AUTOROUTE A10 AIRE DE LA BRUNELLERIE;;;Autoroute;;Monnaie
1.87312;48.0291;A10 AIRE D'ORLEANS GIDY;;;Autoroute;;CHEVILLY
1.52469;45.03216;AUTOROUTE A 20;;;Autoroute;;Cressensac
1.56907044471;44.659292011;Autoroute A20;;;Autoroute;;LABASTIDE-MURAT
1.8556926147;47.9796179669;AUTOROUTE A 10;;;Autoroute;;GIDY
-0.430828070241;44.9790295481;A 10 - AIRE DE L ESTALOT;;;Autoroute;;SAINT-ANDRé-DE-CUBZAC
-0.4331;44.97511;AUTOROUTE A10 CUBZAC LES PONTS;;;Autoroute;;Cubzac-les-Ponts
-0.593130275951;44.7857211662;A 630 AIRE DE THOUARS;;;Autoroute;;GRADIGNAN
-0.595847661255;44.7857519868;AUT A 630   ROCADE PERIPHERIQUE SUD;;;Autoroute;;GRADIGNAN
1.29382;45.91474;AUTOROUTE A 20;;;Autoroute;;Limoges
1.29205279334;45.9049494302;A20 AIRE DE BEAUNE LES MINES;;;Autoroute;;LIMOGES
5.86404;48.26386;AUTOROUTE A31 AIRE DE SANDAUCOURT;;;Autoroute;;Sandaucourt
5.86329;48.26442;AUT A 31   AIRE DE LORRAINE;;;Autoroute;;Sandaucourt
1.28872;45.87456;AIRE DE BEAUNE LES MINES;;;Autoroute;;Limoges
5.86076119123;48.2681005366;Aire de Lorraine Sandaucourt Trel;;;Autoroute;;SANDAUCOURT
5.62984;43.46889;A8 AIRE DE L'ARC;;;Autoroute;;Rousset
5.65886;43.18852;Chemin des Plaines Baronnes;;;Autoroute;;La Ciotat
5.4937505538;43.6330255172;AUT A 51   AIRE DE MEYRARGUES/FONTBELLE;;;Autoroute;;MEYRARGUES
5.2019342191;43.585629439;AUTOROUTE A 7;;;Autoroute;;LANçON-PROVENCE
5.57387;43.46271;Chemin de Rousset;;;Autoroute;;Rousset
5.67135;43.19346;AUTOROUTE A 50;;;Autoroute;;La Ciotat
5.24456265043;43.3880588414;AUTOROUTE A 55;;;Autoroute;;Gignac-la-Nerthe
5.59220531263;43.2059833697;Aire du liouquet A 50;;;Autoroute;;La Ciotat
5.15904855677;43.5989035599;A 7 - AIRE DE LANCON DE PROVENCE;;;Autoroute;;LANçON-PROVENCE
5.61924;43.48085;chemin Defend;;;Autoroute;;Rousset
5.54878;43.60526;aire de meyrargues;;;Autoroute;;Meyrargues
6.09379437759;48.8633506162;A31 AIRE DE LOISY;;;Autoroute;;LOISY
6.27557;49.12625;Autoroute de l'Est;;;Autoroute;;Haudiomont
6.27557;49.12625;Autoroute de l'Est;;;Autoroute;;Haudiomont
6.09442;48.86736;Chemin de l'Abreuvoir;;;Autoroute;;Loisy
6.17385;48.60743;AUTOROUTE A 330;;;Autoroute;;Richardménil
5.51845376601;49.1191866149;AIRE DE VERDUN NORD ST NICOLAS;;;Autoroute;;HAUDIOMONT
6.08777352389;48.8558563022;AUTOROUTE A 31;;;Autoroute;;LOISY
5.32754;46.17527;AIRE DE BOURG TEYSONGUE A 40;;;Autoroute;;Ceyzériat
5.05543;45.85103;AUTOROUTE A 42  AIRE DE DAGNEUX;;;Autoroute;;Montluel
4.92948;45.89681;AIRE DE MIONNAY OUEST GALMIER A46;;;Autoroute;;MIONNAY
5.07404780227;45.8471518044;AUTOROUTE A 42;;;Autoroute;;DAGNEUX
5.49462912843;46.1203008415;AIRE DE CEIGNES HAUT BUGEY;;;Autoroute;;CEIGNES
5.49956;46.1237;AUTOROUTE A 40 - SENS PARIS PROV;;;Autoroute;;CEIGNES
4.93223090729;45.8963223558;Aire de Mionnay Est Chatanay;;;Autoroute;;Mionnay
5.29588284883;46.2035582377;A 40 - AIRE DE BOURG JASSERON;;;Autoroute;;Jasseron
5.07062214413;45.8444226204;AUTOROUTE A42  AIRE DE LYON-DAGNEUX;;;Autoroute;;DAGNEUX
6.12677129043;47.3301615047;AUTOROUTE A 36;;;Autoroute;;MARCHAUX
4.82932;45.27532;AUTOROUTE A7 AIRE DE SAINT RAMBERT DALBON;;;Autoroute;;Saint-Rambert-d'Albon
4.78704307917;44.7200273365;AGIP A7 AIRE DE SAULCE ESTSARL TASSIN;;;Autoroute;;SAULCE SUR RHONE
4.80059;44.70223;A7 Aire de Saulce;;;Autoroute;;SAULCE-SUR-RHôNE
6.11672;47.32512;AIRE DE MARCHAUX AUTOROUTE A 36;;;Autoroute;;MARCHAUX
4.81447;45.29926;Aire de Saint Rambert d'Albon;;;Autoroute;;Saint-Rambert-d'Albon
-0.603345503445;45.6130820448;AUT A 10   AIRE DE SAINT LEGER;;;Autoroute;;PONS
-0.59708;45.6088;A10 AIRE CHARENTES EST;;;Autoroute;;Saint-Léger
-0.59258;45.88594;A10  AIRE DE FENIOUX EST;;;Autoroute;;Fenioux
-0.60633;45.89207;A10 AIRE DE FENIOUX OUEST;;;Autoroute;;FENIOUX
-1.09315;43.96975;aire de l'océan ouest;;;Autoroute;;Lesperon
5.66375;47.14919;AUTOROUTE A36 AIRE DE DOLE ROMANGE;;;Autoroute;;Orchamps
5.58862;47.13451;AUTOROUTE A36 AIRE DE DOLE AUDELANGE;;;Autoroute;;Audelange
2.14756;48.63477;AUTOROUTE A 10;;;Autoroute;;Briis-sous-Forges
2.15693792661;48.641685877;AUT A 10;;;Autoroute;;JANVRY
1.4175;46.31408;AUT A 20   AIRE DE BOISMANDE;;;Autoroute;;Saint-Sulpice-les-Feuilles
1.37255;46.31834;Avenue de l'Avenir;;;Autoroute;;Saint-Sulpice-les-Feuilles
1.41924;46.31301;AUTOROUTE A 20;;;Autoroute;;Saint-Sulpice-les-Feuilles
1.34703;49.66174;AUTOROUTE A 28;;;Autoroute;;BOSC-MESNIL
1.33874;49.67838;AUT A 28   AIRE DE MAUCONBLE;;;Autoroute;;Bosc-Mesnil
0.7949;45.14809;AUTOROUTE A 89;;;Autoroute;;Saint-Laurent-sur-Manoire
2.93200212817;48.4287396601;AIRE JONCHETS LES RECOMPENSES;;;Autoroute;;FORGES
2.70765;48.27809;AUTOROUTE A 6;;;Autoroute;;Darvault
3.13144;48.94616;AIRE DE CHANGIS A4;;;Autoroute;;LA FERTé-SOUS-JOUARRE
3.06256;48.97018;AUTOROUTE A 4 aire d'ussy sur marne;;;Autoroute;;Ussy-sur-Marne
2.58833335512;48.3468893658;AIRE DE ACHERES EST A6;;;Autoroute;;URY
2.70895;48.27772;Chemin Latéral de l'Autoroute;;;Autoroute;;Darvault
3.13265;48.94241;AIRE DE CHANGIS A4;;;Autoroute;;La Ferté-sous-Jouarre
2.92749946387;48.4279133144;AUTOROUTE A5;;;Autoroute;;Forges
2.71504477669;48.2719581201;AUTOROUTE6 AIRE DE NEMOURS OUEST;;;Autoroute;;NEMOURS
3.06509393287;48.9712703819;AIRE D'USSY SUR MARNE;;;Autoroute;;USSY SUR MARNE
2.79273;48.83334;Autoroute de l'Est;;;Autoroute;;Ussy-sur-Marne
0.52582;49.59781;Route de Bolleville;;;Autoroute;;Bolleville
0.998032322778;49.4945687142;AUTOROUTE A 15;;;Autoroute;;Saint-Jean-du-Cardonnay
0.5463;49.61386;AUTOROUTE A 29;;;Autoroute;;Bolleville
-2.46533307518;47.5494659161;LE POULHER RN 165;;;Autoroute;;Muzillac
-0.82627793341;47.1350362483;AIRE DE TREMENTINES A87;;;Autoroute;;TREMENTINES
-0.13018;47.41754;AUT A 85   AIRE DE LA COUAILLE;;;Autoroute;;Longué-Jumelles
3.24762;44.89179;AUTOROUTE A75 AIRE DE LA LOZERE - LA GARDE;;;Autoroute;;Albaret-Sainte-Marie
-0.13018;47.41754;AUT A 85   AIRE LES COSSONIERES;;;Autoroute;;Longué-Jumelles
7.1604;47.71674;Aire de la porte d'Alsace A36;;;Autoroute;;Burnhaupt-le-Bas
7.13879;47.71714;AUTOROUTE A 36;;;Autoroute;;Burnhaupt-le-Bas
7.3954061823;47.8369131343;AIRE DE BATTENHEIM;;;Autoroute;;BATTENHEIM
2.4409920607;48.7780320924;A 86 - AIRE DE CARREFOUR POMPADO;;;Autoroute;;CRéTEIL
2.48589;48.85276;RUE PT GAL DE GAULLE;;;Autoroute;;Fontenay-sous-Bois
4.23011750846;48.2159947185;AUTOROUTE A 5 - SENS PROVINCE PA;;;Autoroute;;FRESNOY-LE-CHâTEAU
4.14348044661;48.4110575553;AIRE DE SERVICE - AUTOROUTE A26 SUD;;;Autoroute;;CHARMONT SOUS BARBUISE
4.24019;48.21103;A 5 - Aire de Troyes-Fresnoy;;;Autoroute;;Fresnoy-le-Château
-1.50656;47.16642;A 83 - AIRE DE LA GRASSINIERE;;;Autoroute;;Vertou
3.26643519556;45.3382037058;AUT A 75   AIRE DE LAFAYETTE;;;Autoroute;;LORLANGES
-1.62326;47.3314;RN 137 - Aire de Treillières Ouest;;;Autoroute;;Treillières
-1.0761;48.9315;Lieu-dit La Vallée;;;Autoroute;;Gouvets
3.91857508837;49.2438134562;AUT A 4   AIRE DE GUEUX;;;Autoroute;;GUEUX
6.18449448877;49.1474928863;AUTOROUTE A31;;;Autoroute;;LA MAXE
6.17754931317;49.180658695;AUTOROUTE A31;;;Autoroute;;Woippy
3.34014009541;43.3565284257;AUT A 9   AIRE DE MONTBLANC;;;Autoroute;;SERVIAN
4.10417;43.67975;AUTOROUTE A9  AIRE AMBRUSSUM NORD (direction Nimes Montpellier);;;Autoroute;;Lunel
3.41475135809;43.3771751237;AUT A9   AIRE DE BEZIERS MONTBLANC NORD;;;Autoroute;;MONTBLANC
3.31188;43.86449;AUTOROUTE A 75;;;Autoroute;;Le Caylar
4.13135;43.71248;AUTOROUTE A 9;;;Autoroute;;Villetelle
4.13258;43.67694;AUTOROUTE A 9;;;Autoroute;;LUNEL
4.13258;43.67697;AUTOROUTE A9 AIRE D#039;;;Autoroute;;
4.84479;46.68832;A6 - AIRE DE ST-AMBREUIL;;;Autoroute;;SAINT-AMBREUIL
4.84397;46.6892;A6 AIRE DE LA FERTE;;;Autoroute;;Saint-Ambreuil
4.86506;46.41766;AUTOROUTE A 6;;;Autoroute;;Saint-Albain
4.84328;46.6979;Route de Saint-Ambreuil;;;Autoroute;;Saint-Ambreuil
4.86381594018;46.4212292035;Aire de Mâcon St Albain - A6;;;Autoroute;;SAINT-ALBAIN
1.90967;43.88919;zone de xansos route de Graulhet;;;Autoroute;;BRENS
1.88797994641;43.858285755;ZA GARRIGUE LONGUE;;;Autoroute;;MONTANS
3.92761870767;49.44508407;AUT A 26- AIRE DU MONT NIZY;;;Autoroute;;Juvincourt-et-Damary
3.92652;49.44872;A26 - Aire du Champ Roland;;;Autoroute;;Guignicourt
3.92632110989;49.4475766624;AUT A 26- AIRE DU MONT NIZY;;;Autoroute;;JUVINCOURT-ET-DAMARY
3.37046;49.07771;autoroute A4 aire de tardenois sud;;;Autoroute;;FRESNES EN TARDENOIS
3.37046;49.07771;Autoroute de l'Est;;;Autoroute;;Fresnes-en-Tardenois
3.37046;49.07771;Aire de Tardenois - A4;;;Autoroute;;Fresnes-en-Tardenois
2.37017791745;50.5794520297;AUTOROUTE A26;;;Autoroute;;RELY
2.39271605116;50.5650289985;Aire de Saint-Hilaire cottes Autoroute A26;;;Autoroute;;SAINT-HILAIRE-COTTES
2.75479;50.39556;Autoroute des Anglais;;;Autoroute;;SOUCHEZ
2.74447263446;50.4039631968;Autoroute A26 aire de Angres;;;Autoroute;;ANGRES
2.82456;50.2696;Rue de Wancourt;;;Autoroute;;WANCOURT
2.74682;50.40274;AUTOROUTE A 26;;;Autoroute;;Souchez
2.85620766734;50.2496523595;Autoroute du Nord;;;Autoroute;;WANCOURT
2.87573;50.19761;Aire de st Leger Autoroute A1;;;Autoroute;;Croisilles
2.85194;49.93666;Autoroute du Nord;;;Autoroute;;Wancourt
2.87807;50.19946;Aire de st Leger Autoroute A1;;;Autoroute;;Croisilles
3.05053194762;50.0927326876;Autoroute A2 Aire d'Havrincourt;;;Autoroute;;HERMIES
3.08829204303;50.1256078887;autoroute a2 aire de graincourt;;;Autoroute;;HERMIES
2.39406555285;50.5661823035;Aire de Saint-Hilaire Cottes A26;;;Autoroute;;SAINT-HILAIRE COTTES
2.34834600555;48.7575828377;A 106 - AIRE DE RUNGIS DELTA PON;;;Autoroute;;RUNGIS
2.18878;48.78349;A 86 - AIRE DE VELIZY OUEST;;;Autoroute;;VéLIZY-VILLACOUBLAY
0.37181;46.70238;autoroute a10;;;Autoroute;;Jaunay-Clan
0.523218558668;46.9051346768;A10 AIRE DE CHATELLERAULT USSEAU;;;Autoroute;;ANTRAN
0.523588159563;46.9060061676;AIRE DE CHATELLERAULT-ANTRAN;;;Autoroute;;Antran
-1.01667;46.86654;A87 AIRE DES HERBIERS;;;Autoroute;;LES HERBIERS
0.3785;46.67888;aire de jaunay clan A10;;;Autoroute;;Jaunay-Clan
0.52411;46.90894;AUTOROUTE A10;;;Autoroute;;Antran
2.29531;51.00635;Place du Courghain;;;Autoroute;;Grande-Synthe
3.09309061348;50.2164917975;AIRE DE BARALLE AUTOROUTE A 26;;;Autoroute;;MARQUION
2.96596;50.27825;Autoroute des Anglais;;;Autoroute;;RUMAUCOURT
3.40571;45.85192;AUTOROUTE A 72;;;Autoroute;;Orléat
3.40482;45.85094;AUTOROUTE A 72;;;Autoroute;;Orléat
3.42176;45.8626;Autoroute  A 89;;;Autoroute;;Orléat
3.18539214413;45.6322344377;AUTOROUTE A 75;;;Autoroute;;AUTHEZAT
3.08681;50.21101;AIRE DE BARALLE AUTOROUTE A 26;;;Autoroute;;Marquion
3.06589347828;50.226638905;Aire de Rumaucourt  Autoroute A26;;;Autoroute;;Rumaucourt
2.23407;48.74389;ROUTE NATIONALE 118;;;Autoroute;;Bièvres
2.1938;48.64751;VOIE EXP F6 LIEUDIT BEAUVERT;;;Autoroute;;Marcoussis
2.20734;48.63896;Rue du Fond des près;;;Autoroute;;Marcoussis
1.24486306131;43.3362695376;AUT A 64   AIRE DE VOLVESTRE;;;Autoroute;;CAPENS
1.38323531871;43.7894974967;Aire du Frontonnais;;;Autoroute;;Castelnau-d'Estrétefonds
1.55093626174;43.494700643;A61 AIRE DE TOULOUSE SUD/NORD;;;Autoroute;;DEYME
1.80887607511;43.3531181526;A61-AIRE DE LAURAGAIS NORD LES C;;;Autoroute;;Avignonet-Lauragais
1.24570649987;43.3362037352;AUT A 64   AIRE DE GARONNE;;;Autoroute;;Capens
1.80632404804;43.3533206269;A 61 - AIRE DE PORT LAURAGAIS SU;;;Autoroute;;AVIGNONET-LAURAGAIS
1.54916;43.48412;AIRE DE TOULOUSE SUD|A 61;;;Autoroute;;Deyme
1.35975;43.81169;A62;;;Autoroute;;Castelnau-d'Estrétefonds
6.27557;49.12625;Autoroute de l'Est;;;Autoroute;;Saint-Privat-la-Montagne
6.6593;49.13309;AUTOROUTE A4 - AIRE DE LONGEVILL;;;Autoroute;;Longeville-lès-Saint-Avold
6.6570447231;49.1338110001;AUTOROUTE A4 - AIRE DE LONGEVILLE;;;Autoroute;;LONGEVILLE-LES-SAINT-AVOLD
2.84472133414;42.5826075829;AIRE DU VILLAGE CATALAN OUEST;;;Autoroute;;VILLEMOLAQUE
2.85899;42.56735;A9 - AIRE DES VILLAGES CATALAN;;;Autoroute;;Banyuls-dels-Aspres
2.8446;42.57601;A9 AIRE DU ROUSSILLON;;;Autoroute;;Banyuls-Dels-Aspres
2.40245;46.75719;Route de Nozières;;;Autoroute;;Farges-Allichamps
2.24252393477;47.0940821447;AUTOROUTE A 71;;;Autoroute;;MARMAGNE
2.40233022236;46.758048854;AUTOROUTE A 71;;;Autoroute;;FARGES-ALLICHAMPS
2.24181025599;47.0951472401;AUT A 71 - AIRE DE BOURGES MARMAGNE;;;Autoroute;;Marmagne
-0.59712616633;43.4210594515;AIRE DE LACQ AUDEJOS SUDAUTOROUTE A 64;;;Autoroute;;LACQ
-1.59844;43.42244;AUTOROUTE A 63 LA MADALENA;;;Autoroute;;Bidart
-0.04183;43.2434;A64 Aire des Pyrénées;;;Autoroute;;Ger
-0.598942803222;43.4212215623;AIRE DE LACQ AUDEJOS SUD  SENS BAYONNE - PAU;;;Autoroute;;LACQ
-0.05221;43.2526;A64 Aire des Pyrénées;;;Autoroute;;Ger
-1.5976;43.42214;AUTOROUTE A 63 LA MADALENA;;;Autoroute;;Bidart
-0.61091;43.42857;AIRE DE LACQ AUDEJOS NORD;;;Autoroute;;Lacq
3.15268;45.6607;A75;;;Autoroute;;Veyre-Monton
2.67313;45.66584;autoroute A89;;;Autoroute;;SAINT-JULIEN-PUY-LAVèZE
3.11405330762;46.058707223;A 71 - AIRE DES VOLCANS D AUVERG;;;Autoroute;;CHAMPS
2.9887;45.95672;AUTOROUTE A89;;;Autoroute;;Manzat
6.44904;43.41346;AIRE DE VIDAUBAN NORD A8;;;Autoroute;;VIDAUBAN
6.68332007146;43.4618579362;AUTOROUTE A 8;;;Autoroute;;PUGET-SUR-ARGENS
6.45226;43.41424;AUTOROUTE A8 sens;;;Autoroute;;Vidauban
6.4359585408;43.4149264423;Aire de Vidauban - A 8;;;Autoroute;;VIDAUBAN
6.04564;43.13552;A 570 AIRE DE ST AUGUSTIN;;;Autoroute;;La Crau
1.97083;49.80751;Aire de Croixrault;;;Autoroute;;CROIXRAULT
2.83499;49.88755;A1- AIRE DE ASSEVILLERS EST;;;Autoroute;;Assevillers
2.84428080011;49.8951743764;A1 AIRE DE ASSEVILLERS EST;;;Autoroute;;ASSEVILLERS
1.65822;49.96446;AUTOROUTE A 28;;;Autoroute;;Le Translay
1.65733;49.96271;AUTOROUTE A 28;;;Autoroute;;Le Translay
1.75592383557;50.1879883682;A16 - AIRE DE LA BAIE DE SOMME;;;Autoroute;;SAILLY-FLIBEAUCOURT
2.83920072237;49.8878714978;AUTOROUTE A 1;;;Autoroute;;Péronne
-0.23859;43.73225;AUTOROUTE A65;;;Autoroute;;AIRE  SUR L'ADOUR
-1.12251;43.52547;a 64 aire d'hastingues;;;Autoroute;;Hastingues
1.38756379794;47.6662822991;AUT A 10   AIRE DE VILLERBON;;;Autoroute;;VILLERBON
1.38748594207;47.6628916179;AIRE DE BLOIS MENARS - AUTOROUTE A10;;;Autoroute;;VILLERBON
-1.15065092516;43.5279386749;A64;;;Autoroute;;HASTINGUES
-0.852116730403;44.360981022;AIRE DU MURET;;;Autoroute;;SAUGNACQ-ET-MURET
-1.42518962674;43.5971268231;AUTOUROUTE 63;;;Autoroute;;LABENNE
-1.43147;43.59583;autouroute 63;;;Autoroute;;LABENNE
-1.41984;43.58581;AUTOROUTE A63 COTE EST;;;Autoroute;;Labenne
1.70893;47.36657;A 85;;;Autoroute;;Pruniers-en-Sologne
1.38891;47.66553;AUTOROUTE A 10;;;Autoroute;;Villerbon
-1.4201;43.58724;AUTOROUTE A63 COTE OUEST;;;Autoroute;;Labenne
-0.850806631003;44.3613728923;Autoroute A63;;;Autoroute;;Saugnacq-et-Muret
-0.840270137027;44.4056307839;Aire Portes Landes Ouest;;;Autoroute;;Saugnacq-et-Muret
5.45582;43.29292;A 50 - AIRE DE LA POMME B.P 105;;;Autoroute;;MARSEILLE
4.53167254913;44.5840366978;RN 102;;;Autoroute;;Saint-Jean-le-Centenier
4.50291882075;49.5940695373;A34 AIRE DES ARDENNES WOINIC;;;Autoroute;;Saulces-Monclin
4.43767;43.8681;A 9 AIRE DE NIMES MARGUERITTES;;;Autoroute;;Marguerittes
4.70062855867;44.0006525943;AUTOROUTE A9;;;Autoroute;;Tavel
4.69658005359;44.0122139458;AIRE DE TAVEL SUD;;;Autoroute;;Tavel
4.44976;43.87516;AUTOROUTE A 9;;;Autoroute;;Marguerittes
4.43548113953;43.8672393104;Aire de Nîmes Marguerittes - A 9;;;Autoroute;;MARGUERITTES
5.85145;43.84527;AUTOROUTE A 51  AIRE DE MANOSQUE;;;Autoroute;;Volx
5.89247;43.94225;AUTOROUTE A51 AIRE DE VOLX OUEST;;;Autoroute;;Volx
5.96297;44.13503;aire aubignosc;;;Autoroute;;Aubignosc
5.85142102246;43.8428857521;AUTOROUTE A51 AIRE DE MANOSQUE EST;;;Autoroute;;Volx
6.73413754229;47.4439494128;aire ecot;;;Autoroute;;ECOT
-0.695125062526;48.0962930639;A81-LA SAUVAGERIE   AIRE DE LAVAL BONCHAMPS;;;Autoroute;;Bonchamp-lès-Laval
0.0;0.0;AUTOROUTE A31AIRE DE TOUL CHAUDENEY;;;Autoroute;;CHAUDENEY
5.91218;48.6635;AUTOROUTE A 31;;;Autoroute;;Dommartin-lès-Toul
-0.6969;48.07885;Allée du Bocage;;;Autoroute;;Bonchamp-lès-Laval
-0.3581;48.00083;AUT A 81;;;Autoroute;;THORIGNé-EN-CHARNIE
0.0;0.0;AUTOROUTE A31AIRE DE TOUL CHAUDENEY;;;Autoroute;;CHAUDENEY
4.97551795926;45.6977436853;AUT A 43;;;Autoroute;;SAINT-PRIEST
4.76860090729;45.8150950621;AUTOROUTE A6;;;Autoroute;;DARDILLY
4.76983;45.80424;AIRE DE DARDILLY;;;Autoroute;;Dardilly
4.97762;45.69779;AIRE DE MANISSIEUX;;;Autoroute;;Saint-Priest
4.7112;45.57057;AUTOROUTE A47 AIRE DE SAINT ROMAIN EN GIER;;;Autoroute;;Saint-Romain-en-Gier
4.72403596174;45.5788276592;AUTOROUTE A47 AIRE DE SAINT ROMAIN EN GIER;;;Autoroute;;Givors
4.96486;45.69539;AUTOROUTE A43  AIRE DE SAINT PRIEST;;;Autoroute;;Saint-Priest
4.97356;45.70176;AUTOROUTE A43  AIRE DE MANISSIEUX;;;Autoroute;;Saint-Priest
4.75447702801;45.5866080022;A 47 - Aire de St Romain;;;Autoroute;;GIVORS
6.27557;49.12625;Autoroute de l'Est;;;Autoroute;;Les Petites-Loges
4.79261494546;49.0739561031;A4 aire de Valmy le Moulin;;;Autoroute;;VALMY
4.23148706374;49.1281722305;Autoroute de l'Est;;;Autoroute;;LES PETITES-LOGES
5.49884455034;47.9766699516;AIRE DE MONTIGNY LE ROI A31;;;Autoroute;;Val-de-Meuse
4.77476;49.08293;autoroute a4 aire de valmy orbeval;;;Autoroute;;Valmy
5.2225134148;47.8158364265;AUTOROUTE A31;;;Autoroute;;PERROGNEY-LES-FONTAINES
4.7906011555;49.0740742732;AUTOROUTE A 4 - SENS  PROV. PARIS;;;Autoroute;;VALMY
6.27557;49.12625;Autoroute de l'Est;;;Autoroute;;Les Petites-Loges
3.92341512809;49.2446429829;Aire de Gueux A4;;;Autoroute;;Gueux
61.7807352057;-24.3328811503;Autoroute du Soleil;;;Autoroute;;Petite-Île
4.37692;48.68156;AUT A 26   AIRE DE SOMMESOUS;;;Autoroute;;SOMMESOUS
4.78888832643;49.0722181608;AUTOROUTE A4   AIRE DE VALMY ORB;;;Autoroute;;VALMY
4.23946;49.12311;Autoroute de l'Est;;;Autoroute;;LES PETITES-LOGES
5.49885752632;47.9770453628;AIRE DE VAL DE MEUSE A31;;;Autoroute;;Val-de-Meuse
3.92130218585;49.2437996633;AUT A 4   AIRE DE VRIGNY;;;Autoroute;;VRIGNY
4.23946;49.12311;Autoroute de l'Est;;;Autoroute;;LES PETITES-LOGES
4.95681;48.05619;AIRE DE CHATEAUVILLAIN SUR ORGE;;;Autoroute;;Châteauvillain
4.76776;46.12229;AUT A 6   SENS LYON PARIS;;;Autoroute;;Taponas
4.81222;45.37326;autoroute A7;;;Autoroute;;Roussillon
4.73012690486;45.9027906451;A6 AIRE DES CHERES EST;;;Autoroute;;LES CHèRES
4.73155426242;45.8947535407;A6 AIRE DES CHERES OUEST;;;Autoroute;;LES CHèRES
4.76776;46.12229;Aire de Taponas - A 6;;;Autoroute;;Taponas
4.81552644418;45.625226222;A 7 - AIRE DE SEREZIN;;;Autoroute;;SAINT-SYMPHORIEN-D'OZON
4.76968;45.8075;AUTOROUTE A6 AIRE DE DARDILLY;;;Autoroute;;Dardilly
4.82649801665;45.5893436013;A 46 - AIRE DE COMMUNAY SUD - SENS PROVINCE-PARIS;;;Autoroute;;COMMUNAY
4.82819099851;45.6434068187;A 7 - AIRE DE SOLAIZE;;;Autoroute;;SAINT-SYMPHORIEN-D'OZON
4.82648548938;45.5913473472;A 46 - AIRE DE COMMUNAY NORD;;;Autoroute;;COMMUNAY
6.07195386531;45.8770375526;Autoroute A41 Nord;;;Autoroute;;Seynod
6.09275;45.88355;41 Avenue Jean Clerc;;;Autoroute;;Seynod
6.07237596782;45.8762677487;A41 - AIRE DE LA RIPAILLE;;;Autoroute;;SEYNOD
5.96985;46.11603;AIRE DE VALLEIRY;;;Autoroute;;Valleiry
6.06136090121;45.868336682;AIRE DE LA RIPAILLE-A41;;;Autoroute;;SEYNOD
6.16856;46.00134;AUTOROUTE A410 - 865 ROUTE DE LECY;;;Autoroute;;Groisy
5.96419;46.09736;A 40 AIRE de VALLEIRY NORD;;;Autoroute;;Valleiry
6.24771;45.99654;A 41 - AIRE DES CRETS BLANCS GRO;;;Autoroute;;THORENS-GLIèRES
0.509039368657;44.1991844185;A 62 - AIRE D AGEN PORTE D AQUIT;;;Autoroute;;STE COLOMBE
0.18728;44.40462;A62 AIRE DU MAS D'AGENAIS;;;Autoroute;;Le Mas-d'Agenais
3.24880951157;44.8720332199;A75 - aire de la Lozère - échangeur 32 - La Garde;;;Autoroute;;ALBARET-SAINTE-MARIE
3.05843;43.23187;A 9 - AIRE NARBONNE VINASSAN NOR;;;Autoroute;;COURSAN
2.20197273176;43.2214380092;A61 Aire d'Arzens Nord;;;Autoroute;;ARZENS
3.09236711734;43.2148856472;AUTOROUTE A 9;;;Autoroute;;SALLES-D'AUDE
2.99351;42.97446;AUTOROUTE A 9;;;Autoroute;;La Palme
2.98637;42.97984;AIRE DE LAPALME EST;;;Autoroute;;La Palme
2.54421;43.17816;AUTOROUTE A61;;;Autoroute;;Capendu
2.97202130031;42.9499545422;A9 AIRE DE LA PALME OUEST;;;Autoroute;;LA PALME
2.20602123684;43.2206065075;A61 Aire d'Arzens Sud;;;Autoroute;;ARZENS
2.56049209054;43.1800674154;AIRE DES CORBIERES A61;;;Autoroute;;CAPENDU
4.83532;46.95888;Autoroute du Soleil;;;Autoroute;;MERCEUIL
4.84448173325;46.9780099827;AUTOROUTE A 6  sens Paris Lyon;;;Autoroute;;MERCEUIL
5.31634358546;47.1764636359;Aire Sud;;;Autoroute;;PONT
5.31618787373;47.1764900612;A39 Aire de Val de Saone;;;Autoroute;;PONT
4.83420131248;46.9554044419;A6 AIRE DE BEAUNE;;;Autoroute;;MERCEUIL
5.33092858452;47.1849293189;AUT A 39   AIRE DE PONT NORD;;;Autoroute;;PONT
1.95295913841;48.9407011762;A 13 - Aire Morainvilliers Sud R;;;Autoroute;;Morainvilliers
1.96048690486;48.9399669086;AUTOROUTE A 13 - PARIS-ROUEN;;;Autoroute;;ORGEVAL
1.6329249732;48.9929648973;A13 AIRE DE ROSNY;;;Autoroute;;ROSNY-SUR-SEINE
1.63007;48.99302;A13 AIRE DE ROSNY;;;Autoroute;;Rosny-sur-Seine
1.62490581892;48.9935279689;aire de Rosny Sud;;;Autoroute;;ROSNY SUR SEINE
2.0487331666;47.3450295307;A 71 - AIRE DE SALBRIS LA LOGE;;;Autoroute;;THEILLAY
1.95621;47.81097;Rue des Charmes;;;Autoroute;;Saint-Cyr-en-Val
1.96318690905;47.6182106867;AUTOROUTE A 71;;;Autoroute;;CHAUMONT-SUR-THARONNE
2.05052385154;47.3523095522;Aire de Salbris Theillay Autoroute A 71;;;Autoroute;;THEILLAY
1.52039;45.54068;A 20 AIRE DE LA PORTE DE CORREZE;;;Autoroute;;Masseret
1.44257169942;45.1615992811;AIRE DU PAYS DE BRIVE A 89;;;Autoroute;;SAINT-PANTALéON-DE-LARCHE
2.48126;45.62392;Viaduc du Chavanon;;;Autoroute;;Merlines
1.93758630545;45.3596668084;AUTOROUTE A 89   AIRE DE LA CORREZE;;;Autoroute;;VITRAC-SUR-MONTANE
5.19231892394;45.055609862;RN 532;;;Autoroute;;HOSTUN
4.89375;45.13448;Autoroute du Soleil;;;Autoroute;;PONT-DE-L'ISèRE
0.86121;49.3611;AUTOROUTE A 13;;;Autoroute;;Bosgouet
4.76728961876;44.4857757049;AUT A7 -  AIRE DE MONTELIMAR;;;Autoroute;;ALLAN
4.79765;44.67369;Autoroute A7;;;Autoroute;;Pont-de-l'Isère
4.86645;44.86418;AUTOROUTE A 7;;;Autoroute;;Portes-lès-Valence
4.87541;45.01933;Autoroute du Soleil;;;Autoroute;;PONT-DE-L'ISèRE
0.65987;49.37268;Autoroute de Normandie;;;Autoroute;;BEUZEVILLE
0.846933843551;49.363295683;Autoroute a13Aire du Bosgouet;;;Autoroute;;BOSGOUET
5.21048;45.07098;AUT A 49 - AIRE DE LA BAUME D'HOSTEIN;;;Autoroute;;La Baume-d'Hostun
4.77964811206;44.5151276086;A 7 - AIRE DE MONTELIMAR OUEST;;;Autoroute;;ALLAN
5.21078488977;45.0712499008;Station Service AVIA - Autoroute A 49;;;Autoroute;;La Baume-d'Hostun
0.31946;49.3205;AUTOROUTE A 13;;;Autoroute;;Beuzeville
4.89375;45.13448;Autoroute du Soleil;;;Autoroute;;PONT-DE-L'ISèRE
4.86229525904;44.8681580895;AUT A7   AIRE DE PORTES LES VALENCE;;;Autoroute;;PORTES-LèS-VALENCE
5.21232;45.07695;Autoroute A.49 Aire Porte de la Drôme;;;Autoroute;;La Baume-d'Hostun
0.32879;49.32527;AUTOROUTE   - A 13;;;Autoroute;;Beuzeville
5.91228;45.69313;A41;;;Autoroute;;AIX LES BAINS
0.65048;48.1863;A 11 AIRE DE VILLAINES LA GONAIS;;;Autoroute;;La Ferté-Bernard
5.93659;45.68116;AUTOROUTE A 41;;;Autoroute;;Mouxy
0.626318096089;48.1277392872;A11 - AIRE DE LA FERTE;;;Autoroute;;VILLAINES-LA-GONAIS
0.25176;48.05573;AUTOROUTE A 11;;;Autoroute;;Sargé-lès-le-Mans
6.46243485803;45.2176511023;AIRE ST MICHEL DE MAURIENNE A43 SENS ALBERTVILLE TUNNEL FREJUS;;;Autoroute;;SAINT-MARTIN-D'ARC
0.47030717093;47.6639862807;AUT A28 - AIRE DE SARTHE TOURAINE;;;Autoroute;;DISSAY-SOUS-COURCILLON
5.92997;45.68747;A41 aire de drumettaz;;;Autoroute;;Mouxy
0.65012;48.18755;11 Avenue de la République;;;Autoroute;;La Ferté-Bernard
-0.167002586754;47.805642446;AUT A11   AIRE DE PARCE EST;;;Autoroute;;Parcé-sur-Sarthe
-0.32383;48.02307;AUTOROUTE A 81;;;Autoroute;;Saint-Denis-d'Orques
0.230344784677;48.05902187;A11 AIRE DE LA SARTHE SARGE LE MANS;;;Autoroute;;COULAINES
6.46744;45.21397;AIRE ST MICHEL DE MAURIENNE A43 SENS ALBERTVILLE TUNNEL FREJUS;;;Autoroute;;Saint-Martin-d'Arc
-0.167184250443;47.8056860103;AUT A 11 - AIRE DE PARCE OUEST;;;Autoroute;;Parcé-sur-Sarthe
2.39597;48.92639;AUT A 1;;;Autoroute;;LA COURNEUVE
2.38995563429;48.9339216621;AUTOROUTE A1;;;Autoroute;;LA COURNEUVE
2.23825947584;48.927665512;AUT A 86   AIRE DE LA PRAIRIE;;;Autoroute;;COLOMBES
2.39478;48.93464;A1 AIRE DE LA COURNEUVE OUEST;;;Autoroute;;La Courneuve
-1.09563077426;48.0894021297;AUTOROUTE A 81;;;Autoroute;;MONDEVERT
1.73284822912;50.8597653626;AUTOROUTE A 16;;;Autoroute;;LEUBRINGHEN
1.69358;50.78458;autoroute A16 -;;;Autoroute;;OFFRETHUN
-0.4926;47.50119;A 11 - AIRE DES PORTES D'ANGERS;;;Autoroute;;Saint-Sylvain-d'Anjou
-0.49206;47.49213;A 11 LES PORTES D'ANGERS SUD;;;Autoroute;;Saint-Sylvain-d'Anjou
-1.32638;48.58491;AUTOROUTE A 84 - PK158;;;Autoroute;;SAINT-AUBIN-DE-TERREGATTE
3.67211;47.78765;AUTOROUTE A 6;;;Autoroute;;Venoy
3.19751872653;47.9739156627;AUT A 6;;;Autoroute;;PRéCY-SUR-VRIN
3.55519;48.24718;AIRE VILLENEUVE de VALUISANT;;;Autoroute;;Villeneuve-l'Archevêque
3.60329;47.73661;Avenue du Docteur Schweitzer;;;Autoroute;;Champs-sur-Yonne
3.55446;48.23861;Rue de Vauluisant;;;Autoroute;;Villeneuve-l'Archevêque
3.55446;48.23861;Rue de Vauluisant;;;Autoroute;;Villeneuve-l'Archevêque
3.55467480444;48.2430170046;AUTOROUTE A 5;;;Autoroute;;VILLENEUVE-L'ARCHEVêQUE
3.19921;47.97408;AUTOROUTE A 6;;;Autoroute;;Précy-sur-Vrin
3.6506683443;47.8002623683;Aut A6 Aire du Soleil Levant;;;Autoroute;;CHAMPS SUR YONNE
3.17244;48.16565;AUTOROUTE A 19;;;Autoroute;;Fouchères
5.51097453039;46.7603344094;A39 aire du JURA;;;Autoroute;;Arlay
5.674215676;45.5660506937;AUTOROUTE A 43 ROMAGNIEU;;;Autoroute;;PONT DE BEAUVOISIN
5.52616559657;46.7819972736;A39   Aire du Jura;;;Autoroute;;ARLAY
5.62209627352;45.5775680828;AIRE DU GUIERS;;;Autoroute;;ROMAGNIEU
5.4227;45.39635;Avenue de la Gare;;;Autoroute;;Le Grand-Lemps
5.67188;45.53262;A 43 AIRE DE ROMAGNIEU;;;Autoroute;;LE PONT-DE-BEAUVOISIN
2.8003;46.35591;A71 aire de l'Allier Saulzet (sens province paris);;;Autoroute;;Doyet
2.79688;46.3351;A71 aire de l'Allier Doyet(sens paris province);;;Autoroute;;Doyet
3.27799;49.77752;A 26 - Aire Urvillers;;;Autoroute;;ESSIGNY-LE-GRAND
1.11530700217;43.2620572186;A64 Sortie N°24            Lieu dit Catalan;;;Autoroute;;LAVELANET DE COMMINGES
0.61601;43.12965;a64 aire du comminges;;;Autoroute;;Clarac
0.61534659318;43.1104687818;AUTOROUTE A 64    BP 03;;;Autoroute;;CLARAC
2.55294575734;49.0711654163;A 1 - AIRE DE VEMARS EST;;;Autoroute;;VéMARS
2.14895;49.01263;A 15 - AIRE DE PIERRELAYE;;;Autoroute;;Pierrelaye
2.55224;49.07043;Autoroute du Nord;;;Autoroute;;VéMARS
2.55304956517;49.0717601635;Autoroute A1 - Aire de vémars Est;;;Autoroute;;VEMARS
2.14589;49.01542;AUTOROUTE A 15;;;Autoroute;;Pierrelaye
3.08156178086;44.3304287134;A75 aire de l'aveyron;;;Autoroute;;Sévérac-le-Château
4.76398380592;46.1238824565;A 6;;;Autoroute;;DRACE
7.36414013703;48.7601162183;Rue d'Eckartswiller;;;Autoroute;;Eckartswiller
7.71639179672;48.5373519047;A 35 - AIRE D\\\'OSTWALD;;;Autoroute;;OSTWALD
7.36598656943;48.762222048;AIRE DE SAVERNE ECKARTSWILLER AUTOROUTE A4;;;Autoroute;;Eckartswiller
7.06519;48.97417;AUTOROUTE A 4;;;Autoroute;;Keskastel
7.40498;48.23212;AIRE DU HAUT KOENISGBOURG|A35;;;Autoroute;;Orschwiller
7.71715;48.53905;AUT A 35   AIRE LES CHAUMES BP 33;;;Autoroute;;Ostwald
7.06688;48.97326;AUTOROUTE A4;;;Autoroute;;KESKASTEL
7.36754;48.76269;Aire de Saverne - A4;;;Autoroute;;ECKARTSWILLER
4.554;47.26338;A6 POUILLY EN AUXOIS;;;Autoroute;;POUILLY-EN-AUXOIS
5.01342611882;47.2263374985;AUTOROUTE A31;;;Autoroute;;GEVREY-CHAMBERTIN
4.38168;47.37861;Autoroute du Soleil;;;Autoroute;;Bligny-sur-Ouche
4.7130350781;47.1050583314;Autoroute A6 du Soleil;;;Autoroute;;BLIGNY-SUR-OUCHE
5.17031822912;47.4221404656;Aire de dijon Brognon;;;Autoroute;;BROGNON
5.1083935676;47.0307080379;AIRE DU BOIS GUILLEROT;;;Autoroute;;GLANON
5.0029423606;47.2175678491;AUTOROUTE A31;;;Autoroute;;Gevrey-Chambertin
5.17039608499;47.4215092405;Autoroute A31 Aire Dijon Brognon;;;Autoroute;;BROGNON
5.10608384355;47.0319293579;Aire de Glanon A36;;;Autoroute;;GLANON
4.554;47.26338;Aire du Chien Blanc Autoroute A6;;;Autoroute;;POUILLY-EN-AUXOIS
3.04643516971;50.5296730949;Autoroute A 1;;;Autoroute;;SECLIN
2.58513;50.82642;A 25 - Aire de St Laurent;;;Autoroute;;Steenvoorde
2.8301;49.83909;Autoroute du Nord;;;Autoroute;;SECLIN
3.04416;50.52753;AUTOROUTE A1 AIRE DE PHALEMPIN;;;Autoroute;;Seclin
2.58289;50.8277;AIRE DE SAINT ELOI autoroute A 25;;;Autoroute;;Steenvoorde
3.46647;50.33964;A 2 - AIRE DE LA SENTINELLE OUES;;;Autoroute;;La Sentinelle
3.46911762553;50.3398791925;AIRE DE LA SENTINELLE EST AUTOROUTE A 2;;;Autoroute;;TRITH-SAINT-LéGER
2.74554;49.53991;Aire de Ressons Ouest A1;;;Autoroute;;Ressons-sur-Matz
2.20488;49.60849;AUTOROUTE A 16;;;Autoroute;;Hardivillers
2.72292;49.5236;AUTOROUTE A 1;;;Autoroute;;Ressons-sur-Matz
2.7194063807;49.5186083126;AUT A1   AIRE DE RESSONS;;;Autoroute;;RESSONS-SUR-MATZ
3.81424;45.85618;AUTOROUTE A 72;;;Autoroute;;Les Salles
3.81467;45.85745;Lieu-Dit les Serrots;;;Autoroute;;LES SALLES
3.78392;45.84055;A-72 aire du Haut-Forez;;;Autoroute;;Les Salles
4.23643;45.8385;a 89 aire de la Loire;;;Autoroute;;Néronde
4.17238;45.66958;Aire de la plaine du Forez Est;;;Autoroute;;Magneux-Haute-Rive
4.15647;45.67935;AUT A 72;;;Autoroute;;Magneux-Haute-Rive
4.15614;45.67698;AUTOROUTE A 72 -  AIRE FOREZ OUES;;;Autoroute;;Magneux-Haute-Rive
1.01995;44.05824;AIRE DE GARONNE A 62;;;Autoroute;;Saint-Nicolas-de-la-Grave
1.32414187806;43.9519455336;R N 20 - AIRE DE NAUZE VERT;;;Autoroute;;BRESSOLS
6.03715450873;43.1487034777;AUTOROUTE A 57;;;Autoroute;;La Garde
6.0108454259;43.1427807895;AUTOROUTE A 57;;;Autoroute;;LA VALETTE-DU-VAR
1.52955;44.23161;AUTOROUTE A 20;;;Autoroute;;Montalzat
5.99262718308;43.423487959;AUTOROUTE A8;;;Autoroute;;BRIGNOLES
5.96988461932;43.4241230141;AUTOROUTE A 8;;;Autoroute;;BRIGNOLES
3.48099898552;50.3700599854;AUTOROUTE A 23;;;Autoroute;;PETITE-FORêT
3.20093454446;50.5237936585;Autoroute A 23 - AIRE DE GENECH;;;Autoroute;;TEMPLEUVE
3.199285126;50.5312454501;A 23 - Aire de Genech B;;;Autoroute;;GENECH
7.02506147516;43.5842514841;Autoroute A8;;;Autoroute;;MOUGINS
7.41858;43.75325;Aire de Beausoleil - A8;;;Autoroute;;Beausoleil
0.127058789009;48.4567383918;AUTOROUTE A28;;;Autoroute;;Valframbert
-0.07008;48.71157;Lieu-dit Les Fermes;;;Autoroute;;Fontenai-sur-Orne
0.372924413318;48.8493963632;AUTOROUTE A 28   aire des haras;;;Autoroute;;LE SAP-ANDRé
5.41539;43.45235;A51 Aire des Chabauds;;;Autoroute;;Bouc-Bel-Air
5.2408575362;43.4483272338;AIRE DE VITROLLES EST AUTOROUTE 7;;;Autoroute;;VITROLLES
5.57767744688;43.4009983267;A52 AIRE DE BAUME DE MARRON;;;Autoroute;;PEYPIN
5.5817;43.38414;A52 Aire de Peypin;;;Autoroute;;PEYPIN
5.26780227527;43.3914448153;AIRE DE REBUTY  A55;;;Autoroute;;GIGNAC-LA-NERTHE
5.39571;43.44172;AUTOROUTE A 51- AIRE DE LA CHAMPOUSE;;;Autoroute;;Bouc-Bel-Air
-0.579371095821;44.8876517532;A630 ROC.PRESQU'ILE LAC COTE2;;;Autoroute;;Bruges
-0.68743;44.74498;A63 Aire de Cestas Est;;;Autoroute;;Cestas
-0.69054076248;44.7538750773;AUTOROUTE A63;;;Autoroute;;CESTAS
-0.70596;44.74238;AUTOROUTE A 63;;;Autoroute;;Cestas
-0.58098;44.88778;A630 ROC.PRESQU'ILE LAC COTE1;;;Autoroute;;Bruges
0.02231;44.99349;A89 Aire des Palombières;;;Autoroute;;GOURS
1.84537;47.09037;A20 AIRE DES CHAMPS D' AMOUR;;;Autoroute;;Meunet-sur-Vatan
1.59025975788;46.7135757278;AUTOROUTE A 20;;;Autoroute;;LUANT
1.86222;47.07807;A20 AIRE DES CHAMPS D' AMOUR;;;Autoroute;;Meunet-sur-Vatan
0.53612;47.30718;aire des Jardins de Villandry A85;;;Autoroute;;Druye
1.60384;46.72383;aire du Val de l'Indre - autoroute A20;;;Autoroute;;VELLES
-0.07388;44.51461;AUT A 62;;;Autoroute;;SAINT-MICHEL-DE-RIEUFRET
-0.49091;45.18815;AUTOROUTE A10;;;Autoroute;;Saugon
-0.258297153065;44.2901684109;A 65 - AIRE DE CAPTIEUX;;;Autoroute;;CAPTIEUX
-0.435567117336;44.6450777822;A62 - AIRE DES LANDES SUD;;;Autoroute;;Saint-Michel-de-Rieufret
1.32346;43.84525;Autoroute des Deux Mers;;;Autoroute;;Saint-Michel-de-Rieufret
-0.5735;44.88728;ROCADE PERIPHERIQUE-A630sens intérieur);;;Autoroute;;Mérignac
-0.50274;45.18505;Lieu-dit Bazille-Ouest;;;Autoroute;;Saugon
2.5243542188;49.8605877447;AIRE DE VILLERS BRETONNEUX;;;Autoroute;;Villers-Bretonneux
-0.37224;46.29721;AUTOROUTE A 10;;;Autoroute;;Vouillé
-0.50163;46.43043;A83 - AIRE DE LA CANEPETIERE;;;Autoroute;;Faye-sur-Ardin
-0.0123832498349;46.4539463992;autoroute A10;;;Autoroute;;PAMPROUX
-0.4209;46.29327;AUTOROUTE A 10;;;Autoroute;;Aiffres
-0.0374787909068;46.4449005151;A10 AIRE DE ROUILLE PAMPROUX SUD;;;Autoroute;;Pamproux
-0.50681;46.42905;AUTOROUTE A83|AIRE DE LA CHATEAUDRIE;;;Autoroute;;Villiers-en-Plaine
-0.44647;46.27797;A10 Aire de Poitou Charentes;;;Autoroute;;Aiffres
6.15660740317;45.5480755008;AIRE DE VAL GELONAUTOROUTE A43;;;Autoroute;;CHATEAUNEUF
6.62226293626;45.1966992748;AUTOPORT DU FREJUS;;;Autoroute;;LE FRENEY
6.409283919;46.0646447966;Aire de Pontchy Bonneville - A40;;;Autoroute;;BONNEVILLE
5.97704;45.525;AIRE DE L'ABIS autoroute A 43;;;Autoroute;;Saint-Jeoire-Prieuré
6.46445;46.04949;AUTOROUTE A 40;;;Autoroute;;Bonneville
6.42486160021;45.2454271944;AUTOROUTE A 43;;;Autoroute;;SAINT-JULIEN-MONT-DENIS
6.4101014056;46.065255441;AIRE DE BONNEVILLE NORD;;;Autoroute;;BONNEVILLE
5.97466101049;45.5260017468;AUTOROUTE A41 AIRE DU GRANIER;;;Autoroute;;Myans
6.16003;45.54914;AIRE DE L'ARCLUSAZ;;;Autoroute;;Châteauneuf
1.64029371451;47.8194821696;AUT A 10   AIRE DE BEAUGENCY;;;Autoroute;;MESSAS
1.23717;47.61969;L'Aquitaine;;;Autoroute;;Messas
2.68684;47.85198;AIRE DU JARDIN DES ARBRES;;;Autoroute;;Varennes-Changy
-1.5129;47.15919;A 801 - CLOS DE MAILLARDIERES;;;Autoroute;;Les Sorinières
2.41491;48.06192;A19 AIRE DU LOIRET;;;Autoroute;;Beaune-la-Rolande
3.45210705891;43.6175714933;2 rue du servent;;;Autoroute;;CLERMONT L'HERAULT
3.77557;43.56092;AIRE DE FABREGUES SUD - A9;;;Autoroute;;Fabrègues
3.77557;43.56092;Route de Fabrègues à Saussan;;;Autoroute;;Fabrègues
3.35073121289;43.6914515079;CENTRE COMMERCIAL LES VIGNES ROUGES  ZA LA MERIDIENNE;;;Autoroute;;LE BOSC
2.44356;48.59441;AUTOROUTE A 6;;;Autoroute;;Villabé
4.089242162;47.5127567701;AUTOROUTE A6;;;Autoroute;;MAISON DIEU
2.44276477061;48.5930703528;A 6 - AIRE DE LISSES;;;Autoroute;;CORBEIL-ESSONNES
6.91712501881;47.6419189575;CD 419;;;Autoroute;;BESSONCOURT
4.03858;47.50475;autoroute A6 aire de maison dieu;;;Autoroute;;Sceaux
-1.01780217986;47.4183939991;A11 - AIRE DE VARADES LA BEDOIRE;;;Autoroute;;VARADES
-1.01471;47.4193;AUTOROUTE A 11;;;Autoroute;;Varades
5.62901;45.2923;48 Rue de l'Alambic;;;Autoroute;;Voreppe
5.63598;45.29378;AIRE DE L#039;;;Autoroute;;
5.86238;45.244;Aire de St Nazaire Les Eymes - A41;;;Autoroute;;SAINT NAZAIRE LES EYMES
5.86759;45.24722;AUTOROUTE A 41;;;Autoroute;;Saint-Nazaire-les-Eymes
5.6362;45.29716;Rue de l'Isle;;;Autoroute;;Voreppe
5.62262;45.27702;AIRE DE L'ISLE ROSE A 48;;;Autoroute;;VOREPPE
2.69956;48.94696;AIRE DE VILLEVAUDE AUTOROUTE A 104;;;Autoroute;;CLAYE-SOUILLY
2.67763;48.9101;Aire de Villevaudé;;;Autoroute;;Villevaudé
2.74003485613;48.829492394;autoroute A4;;;Autoroute;;BUSSY-SAINT-GEORGES
2.68144;48.94398;AIRE DE VILLEVAUDE AUTOROUTE A 104;;;Autoroute;;CLAYE-SOUILLY
2.74177363716;48.8291488545;A 4 - AIRE DE FERRIERES;;;Autoroute;;BUSSY-SAINT-GEORGES
2.59212;48.62473;AUTOROUTE A 5 A;;;Autoroute;;RéAU
2.57444;48.36079;AIRE DE ACHERES LA FORET OUEST|A6;;;Autoroute;;Achères-la-Forêt
2.69956;48.94696;AIRE DE VILLEVAUDE AUTOROUTE A 104;;;Autoroute;;Claye-Souilly
7.39787;43.75465;AUTOROUTE A8 / BP 102 (4391808);;;Autoroute;;La Turbie
1.08492;48.24062;A11;;;Autoroute;;Frazé
1.5791752237;48.4668071998;A 11 - AIRE DE CHARTRES BOIS PAR;;;Autoroute;;GASVILLE
1.85483591433;48.2711223159;AUT A 10 - AIRE DE VAL NEUVY;;;Autoroute;;FRESNAY-L'ÉVêQUE
0.65987;49.37268;Autoroute de Normandie;;;Autoroute;;Vironvay
1.08310992844;48.2403628116;AUTOROUTE A11 OCEANE;;;Autoroute;;Dampierre-sous-Brou
0.80295;49.36572;A 13 AIRE DE VIRONVAY SUD;;;Autoroute;;VIRONVAY
1.58094708959;48.4677553275;AUTOROUTE A 11;;;Autoroute;;Gasville-Oisème
1.8572494462;48.2774951182;A 10 - AIRE DE FRANCHEVILLE;;;Autoroute;;FRESNAY-L'EVEQUE
4.72296;44.21508;A7 AIRE DE MORNAS LES ADRETS;;;Autoroute;;MORNAS
-1.11112;46.57364;AUTOROUTE A83 COTE EST;;;Autoroute;;Sainte-Hermine
-1.28385234673;46.8780749563;AUT A 83   AIRE DE CHAVAGNES;;;Autoroute;;CHAVAGNES-EN-PAILLERS
-1.05958;46.55454;AUTOROUTE A83 COTE EST;;;Autoroute;;Sainte-Hermine
4.72398720666;44.2036953693;A7 AIRE DE MORNAS VILLAGE;;;Autoroute;;MORNAS
4.88877;44.02436;AUTOROUTE A7;;;Autoroute;;Sorgues
-1.29120763541;46.8841079581;A 83 - AIRE DES BROUZILS;;;Autoroute;;LES BROUZILS
-1.10850015699;46.5668965972;A 83 AIRE DE VENDEE;;;Autoroute;;SAINTE HERMINE
6.78887161199;43.5449204222;AIRE DE L'ESTEREL A8;;;Autoroute;;LES ADRETS DE L'ESTEREL
4.91301;43.92496;AUTOROUTE A7;;;Autoroute;;Morières-lès-Avignon
4.704996;45.781115;15 Allée Louis Raymond;;;;;9
4.761693;45.73742;2 Rue de la Doulline;;;Place du Repos;;9
4.84074;45.782999; Rue de Verdun;;;SQUARE POLNARD;;9
4.823463;45.873426; Rue du Pontet;;;A L INTERIEUR DU STADE;;9
4.833058;45.78456; Rue Coste;;;FACE AU N°40;;9
4.793177;45.694574; Place Maréchal Joffre;;;Vers rue de la Halle;;9
4.841237;45.89746; Place de la Mairie;;;Sous le parking couvert, au bas escalier;;9
4.832558;45.848815; Rue Gabrile Péri;;;PARKING FACE TENNIS;;9
4.770678;45.594593; Avenue du 11 Novembre 1918;;;face pompe à essence;;9
4.862741;45.70269; Avenue Antoine Gravallon;;;Proche angle Rue du Docteur Louis Jugnet;;9
4.943321;45.700152; Rue Jean-Jacques Rousseau;;;Sur le parking;;9
4.783465;45.744219; Rue Jean-Léon Blondeau;;;Angle chemin des fonds;;9
4.895162;45.824748;16 Rue de la Barse;;;Vers Place du Château;;9
4.840276;45.897594; Rue des Ecoles;;;Dans le Square Général de Gaulle - Face N°64;;9
4.896392;45.820849; Place de Verdun;;;;;9
4.836349;45.787955; Chemin du Penthod;;;VERS RD POINT;;9
4.840811;45.877834; Place du 8 Mai;;;;;9
4.756254;45.747087;2 Rue de la Chapelle de Bel Air;;;;;9
4.977342;45.70647; Rue Honoré de Balzac;;;;;9
4.900768;45.705005; 6ème Rue Cité Berliet;;;Angle 2ème Avenue Cité Berliet;;9
4.803634;45.721993; Rue Fernand Forest;;;;;9
4.823858;45.703561; Rue Paul Bert;;;Angle Place Jean Jaurès.;;9
4.815319;45.680937; Chemin de Presles;;;Intérieur du nouveau cimetière;;9
4.820063;45.822999;80 Route du Mont Cindre;;;;;9
4.77236;45.835763; Place Decurel;;;;;9
4.828596;45.793824; Place de Cuire le Bas;;;ANGLE MONTEE DES FORTS;;9
4.89566;45.812566; Place du Marché;;;Vers terrain de pétanque;;9
4.780629;45.604942; Avenue du 19 Mars 1945;;;angle rue Pasteur - côté intermarché;;9
4.81991;45.869645; Place de la fontaine;;;;;9
4.812729;45.6471;76 Place du 11 Novembre 1918 et du 8 Mai 1945;;;Face N°76.;;9
4.784932;45.793569; Chemin du Cimetière;;;;;9
4.872368;45.703778; Rue Danielle Casanova;;;Entre square Gabriel Péri et Rue Danielle Casanova;;9
4.708206;45.782843; Allée des Ecoles;;;parking en face de l'école;;9
4.912352;45.785014; Place François Mauriac;;;Place du marché;;9
4.831493;45.845675; Avenue Général de Gaulle;;;FACE AU N°103;;9
4.813486;45.810523; Rue du Cimetière;;;;;9
4.815922;45.647769; Halle des sports;;;Vers l'île Jaricot;;9
4.971699;45.743664; Place de la Mairie;;;Sur Parking;;9
4.849899;45.898203; Rue de la Grande Verchère;;;Entrée parking cimetière;;9
5.048322;45.795544; Bld Louis Pradel;;;Parking Carrefour Market;;9
4.856898;45.69879; Rue de Bellevue;;;Proche cimetières des Clochettes Yves Farges;;9
4.723116;45.74329;22 Avenue Jean Bergeron;;;;;9
5.0116;45.760568; Rue de Marseille;;;Sur parking cimetère;;9
4.821498;45.707339; Boulevard de l'Europe;;;Face Rue Vaillant Couturier - Square Claude Beaumont;;9
4.800145;45.856187; Place de la Mairie;;;;;9
4.895333;45.664884; Rue des Frères Lumière;;;Proche angle Avenue Corbetta;;9
4.751297;45.810426; Avenue de Verdun;;;Proche cimetière;;9
4.725475;45.75642; Place de la Mairie;;;;;9
4.761121;45.82037; Place de la Porte de Lyon;;;;;9
4.78423;45.765376;11 Chemin de la Vernique;;;;;9
4.863124;45.815872; Place des Marronniers;;;;;9
4.77885;45.725382;93 Place Henri Révy;;;Route de la Libération - Face N° 93;;9
4.768794;45.597911; Rue Pierre et Marie Curie;;;angle Cité Ambroise Croizat;;9
4.767707;45.597063; Cité Ambroise Croizat;;;dans la cité;;9
4.964041;45.695274; Allée du Fort;;;;;9
4.919882;45.77041; Place Roger Laurent;;;Angle avenue Grandclément;;9
4.726184;45.754759; Rue de l'Eglise;;;Place de l'église - à droite de l'église;;9
4.917281;45.777625; Rue François Rabelais;;;Face au N°34;;9
4.789822;45.746147; Place Laurent Paul;;;Angle rue Laurent Paul;;9
4.819065;45.702829;106 Rue Ampère;;;Square Manillier - Façe N° 106;;9
4.941558;45.696295; Place Ferdinand Buisson;;;;;9
4.839767;45.781665;1 Montée du belvédére;;;bas;;9
4.96517;45.762864; Place Henri Barbusse;;;;;9
4.750257;45.819161;28 Chemin de Pierre Blanche;;;Derrière l'église;;9
4.76087;45.5878; Rue du Moulin;;;Angle Rue Montrond;;9
4.925354;45.777426; place Carmelino  ;;;Avenue G.Dimitrov;;9
4.765928;45.751443;81 Rue Professeur Deperet;;;Sur le parking du rond-point d'Alaï;;9
4.811499;45.706195; Rue du Grand Perron;;;Angle Chemin de montmein (cimetière);;9
4.93584;45.694332; Place de l'Hôtel de Ville Charles Ottina;;;Face N°35;;9
4.895611;45.824513; Allée de Laffrey;;;Vers terrain de pétanque;;9
4.956402;45.666906; Rue de l'Egalité;;;Proche angle Rue Joanny Sage;;9
4.949012;45.695935; Rue Rhin et Danube;;;Angle Rue Rhin et Danube et Rue Louis Braille;;9
4.874602;45.824634; Rue de la Poste;;;;;9
4.847953;45.799827; Place de l'Eglise;;;ANGLE RUE JEAN MOULIN;;9
4.90449;45.665986; Rue de l'Aviation;;;Proche angle Chemin de Grange Blanche;;9
4.805083;45.878549; Place Ampère;;;;;9
4.84502;45.791047; Allée du Parc de la Jeunesse;;;ANGLE RUE DOCTEUR LAENNEC;;9
4.943241;45.697487; Montée de la Carnière;;;Proche centre d'action social;;9
4.782147;45.774103;2 Rue Auguste Tramier;;;;;9
4.871599;45.852197; Route des Proliéres;;;;;9
4.86343;45.880986;714 Rue Centrale;;;Vers Place de la Poype - Face au N°731;;9
4.798187;45.807726; Rue Commandant Israel;;;DEVANT ENTREE CIMETIERE;;9
4.894034;45.81411; Rond-Point AFN;;;MT BLANC (bar livingstone);;9
4.880976;45.803623; Chemin de la Chapelle;;;Parking de la chapelle vers Route de Strasbourg;;9
4.875663;45.694795; Rue Georges Lyvet;;;Proche angle Avenue du Président Edouard Herriot;;9
4.818718;45.873012; Route de st-Germain;;;;;9
4.971996;45.7461; Place de la République;;;Sur Parking;;9
4.947439;45.769341; Place de la Libération;;;Sur Parking;;9
4.927366;45.786212; Place Gilbert Boissier;;;Rue Claude Chapuis - A coté du bungalow AE;;9
4.956212;45.765605; Avenue Jean Macé;;;Sur parking du stade;;9
4.822877;45.837489; RUE DE LA CHARRIERE;;;VERS N°4;;9
4.806598;45.725817; Chemin de Chassagnes;;;Angle Allée du cimetière;;9
4.778432;45.774742; Place Charles de Gaulle;;;Face N°6;;9
4.929061;45.785609; Place Antoine Saunier;;;;;9
4.715535;45.814187; Place de la Mairie;;;;;9
4.937345;45.690568; Place Roger Salengro;;;;;9
4.83462;45.865816; Quai Général de Gaulle;;;Halte Fluviale;;9
4.804748;45.735704;10 Boulevard Baron du Marais;;;;;9
5.000389;45.761019; Place du 11 Novembre 1918;;;;;9
4.825474;45.703592;6 Place de la Paix;;;Face N° 6.;;9
4.737148;45.757005;9 Rue des Mourrons;;;Intérieur du cimetière;;9
4.95609;45.76828; Place Roger Salengro;;;Côté poste - vers arrêt bus;;9
4.841808;45.875114; Rue Pierre Dugelay;;;Angle Avenue du 11 Novembre 1918;;9
4.77336;45.768796; Avenue des Granges;;;;;9
4.77101;45.589085; Rue Victor Hugo;;;Square Colonel Fabien;;9
4.715081;45.813495;12 Rue de l'Eglise;;;;;9
4.858525;45.724908; Place Ennemond Romand;;;;;9
4.744319;45.78474;9 Avenue Denis Delorme;;;;;9
4.744006;45.778499; Place Bad Abbach;;;Sous la mairie;;9
4.764039;45.736086; Place de l'Hôtel de Ville;;;;;9
4.838407;45.877875; Rue Rey Loras;;;Parking Place de Verdun;;9
4.831367;45.865168;2 Rue Etienne Richerand;;;;;9
4.809709;45.728953; Rue de Verdun;;;Angle Rue maréchal de Lattre de Tassigny;;9
4.773652;45.738868; Place de l'Europe;;;Chemin de Chantegrillet - parc du Grillon;;9
4.814116;45.646472; Quai du Bassin;;;Angle rue port Puy;;9
4.838144;45.876854; Place du Marché;;;Vers Pont de Neuville;;9
4.898566;45.670622; Place Charles Jocteur;;;Proche Entrée Mairie;;9
4.794444;45.649275; Place de la Mairie;;;;;9
4.825113;45.837801; RUE DE LA REPUBLIQUE;;;ANGLE RUE DU LAVOIR;;9
4.817932;45.71823;95 Square Jean Jaurès;;;Rue Pierre Sémard - face N° 95;;9
4.799134;45.809991; Place André Michel;;;;;9
4.920882;45.78681; Square Gilbert Dru;;;Angle Avenue du 8 Mai 1945 et Rue Lakanal;;9
4.903967;45.811766; Boulevard De Lattre De Tassigny;;;apres barriére pompier;;9
4.832323;45.865945; Avenue Gabriel Péri;;;Derrière église (place du docteur Aloin);;9
4.900546;45.675232; Place du 19 Mars 1962;;;;;9
4.788078;45.700537; Rue Frère Benoit;;;Angle rue de l'Egalité - vers cimetière;;9
4.836576;45.879749; Avenue Jean Christophe;;;Place Jean Christophe;;9
4.853472;45.844913;50 Rue Gentil;;;DERRIERE L EGLISE;;9
4.797994;45.81089; Place Abbé Boursier;;;;;9
4.86105;45.71282; Rue Montesquieu;;;;;9
4.849116;45.665449; Place Claudius Béry;;;Proche rue André Gelas;;9
4.905257;45.817953; Place Maréchal Juin;;;;;9
4.753719;45.805376;1 Place de l'Eglise;;;Passage entre la boucherie et le tabac/presse;;9
4.955041;45.661623; Rue du 11 Novembre 1918;;;;;9
4.858651;45.878522; Rue Centrale;;;"Entrée parking ""Bibliothèque Municipale"" - vers Mairie";;9
4.818219;45.674326;16 Rue de Taillepied;;;Façe N° 16 (ancien cimetière).;;9
5.001106;45.766115; Place Burignat;;;Sur parking salle des fêtes;;9
4.964822;45.746784; Place Louis Pradel;;;Côté Rue Zénézini;;9
4.819299;45.814304; Place de la République;;;;;9
4.812428;45.717314; Rue Pierre Sémard;;;Angle Rue Aulagne;;9
4.772675;45.587167; Quai des Martyrs du 8 Février 1962;;;;;9
4.725118;45.740358; Rue du Cimetière;;;Face entrée du cimetière;;9
4.966958;45.775421; Place Mendès France;;;Sur Parking;;9
4.855444;45.66739; Place de l'Eglise;;;;;9
4.845586;45.863181; Place de la Mairie;;;;;9
 -0.536349984602;47.4671895846;;;;;;10
 -0.577180475926;47.4777315877;;;;;;10
 -0.557628087623;47.4650494413;;;;;;10
 -0.552661982874;47.4626769742;;;;;;10
 -0.534212328038;47.4789937041;;;;;;10
 -0.5590079548;47.4708269468;;;;;;10
 -0.553739404584;47.468888741;;;;;;10
 -0.555874760517;47.4710051531;;;;;;10
 -0.557106586772;47.472640183;;;;;;10
 -0.536982919494;47.4594562153;;;;;;10
 -0.55967372991;47.4649367703;;;;;;10
 -0.537918343389;47.451412178;;;;;;10
 -0.5488217018;47.4736387722;;;;;;10
 -0.54572479353;47.4708321614;;;;;;10
 -0.547145916405;47.4701538097;;;;;;10
 -0.524421603504;47.4867585726;;;;;;10
 -0.5626682242;47.4740384086;;;;;;10
 -0.576640296762;47.4740437891;;;;;;10
 -0.529096204088;47.4744757412;;;;;;10
 -0.558994981707;47.4751472787;;;;;;10
 -0.525976559156;47.4534548932;;;;;;10
 -0.520886903501;47.4598889475;;;;;;10
 -0.544266184287;47.4786384722;;;;;;10
 -0.550212849429;47.4762186371;;;;;;10
 -0.585873026234;47.4746977442;;;;;;10
 -0.543917259149;47.4509805187;;;;;;10
 -0.545689594102;47.4754820606;;;;;;10
 -0.565272537394;47.4783825051;;;;;;10
 -0.559363258981;47.4684198905;;;;;;10
 -0.564125649755;47.4808048278;;;;;;10
 -0.554561277849;47.4728871274;;;;;;10
 -0.562887208555;47.4488940138;;;;;;10
 -0.545585943635;47.4696758855;;;;;;10
 -0.561727135754;47.4726801671;;;;;;10
